r_id,similarity_metric,use_fragments,success,elapsed_time_seconds,molecules_synthesized,reactions_synthesized
mos_1,none,true,false,1.496764911,250,0
mos_2,none,true,false,0.695322763,250,0
mos_3,none,true,false,0.895588405,250,0
mos_4,none,true,false,1.539424387,250,0
mos_5,none,true,false,0.982403939,250,0
mos_6,none,true,false,0.530098931,250,0
mos_7,none,true,false,0.906990631,250,0
mos_8,none,true,false,1.098040339,250,0
mos_9,none,true,false,1.560229361,250,0
mos_10,none,true,true,1.607355482,250,194
mos_11,none,true,true,3.258219931,250,957
mos_12,none,true,false,0.598402581,250,0
mos_13,none,true,false,0.979923965,250,0
mos_14,none,true,true,1.475477693,250,665
mos_15,none,true,true,2.058638502,250,3705
mos_16,none,true,true,0.654552653,250,998
mos_17,none,true,false,2.07130381,250,0
mos_18,none,true,false,1.233609807,250,0
mos_19,none,true,false,2.786527645,250,0
mos_20,none,true,false,1.47641636,250,0
mos_21,none,true,false,1.425020962,250,0
mos_22,none,true,false,1.104842468,250,0
mos_23,none,true,false,0.976104431,250,0
mos_24,none,true,false,0.863517655,250,0
mos_25,none,true,true,1.035553985,250,767
mos_26,none,true,false,0.860947605,250,0
mos_27,none,true,false,1.396503018,250,0
mos_28,none,true,false,0.878836052,250,0
mos_29,none,true,true,11.472165577,250,2746
mos_30,none,true,false,91.86363607,250,30000
mos_31,none,true,false,1.489346106,250,0
mos_32,none,true,false,2.13584539,250,0
mos_33,none,true,false,0.388381753,250,0
mos_34,none,true,true,22.049783527,250,14130
mos_35,none,true,true,1.782730207,250,3121
mos_36,none,true,false,0.344966789,250,0
mos_37,none,true,true,0.980385486,250,203
mos_38,none,true,false,1.269786259,250,0
mos_39,none,true,true,4.172361684,250,9473
mos_40,none,true,false,0.685113649,250,0
mos_41,none,true,false,0.615297648,250,0
mos_42,none,true,true,2.776803547,250,1635
mos_43,none,true,false,0.799536145,250,0
mos_44,none,true,false,0.711679585,250,0
mos_45,none,true,false,0.7785468,250,0
mos_46,none,true,true,1.250369413,250,764
mos_47,none,true,false,1.126635606,250,0
mos_48,none,true,false,0.842951596,250,0
mos_49,none,true,true,12.346950655,250,7208
mos_50,none,true,true,0.678875166,250,113
mos_51,none,true,true,14.926157789,250,7154
mos_52,none,true,false,0.915622949,250,0
mos_53,none,true,false,1.035241487,250,0
mos_54,none,true,false,0.575670553,250,0
mos_55,none,true,false,0.525547252,250,0
mos_56,none,true,false,1.018994209,250,0
mos_57,none,true,false,1.105405517,250,0
mos_58,none,true,true,1.241310429,250,345
mos_59,none,true,false,0.714248594,250,0
mos_60,none,true,false,0.58811777,250,0
mos_61,none,true,true,0.895463127,250,206
mos_62,none,true,false,0.76712407,250,0
mos_63,none,true,true,14.59743842,250,8560
mos_64,none,true,true,0.939347223,250,269
mos_65,none,true,true,1.020487876,250,177
mos_66,none,true,true,2.144462419,250,6296
mos_67,none,true,false,1.51025694,250,0
mos_68,none,true,false,0.671511802,250,0
mos_69,none,true,true,0.901150858,250,407
mos_70,none,true,false,58.338319878,250,30000
mos_71,none,true,false,2.703061552,250,0
mos_72,none,true,false,1.292239899,250,0
mos_73,none,true,true,18.780538091,250,13360
mos_74,none,true,false,1.722724111,250,0
mos_75,none,true,false,1.216098621,250,0
mos_76,none,true,false,1.203736638,250,0
mos_77,none,true,true,1.338348035,250,381
mos_78,none,true,false,0.423307765,250,0
mos_79,none,true,true,2.083051804,250,206
mos_80,none,true,false,3.027175301,250,0
mos_81,none,true,true,0.909018197,250,93
mos_82,none,true,true,13.892894689,250,5792
mos_83,none,true,true,45.022585932,250,29668
mos_84,none,true,false,1.056925071,250,0
mos_85,none,true,false,67.18479583,250,30000
mos_86,none,true,false,0.619735602,250,0
mos_87,none,true,false,0.79614723,250,0
mos_88,none,true,false,0.687906633,250,0
mos_89,none,true,false,0.568572894,250,0
mos_90,none,true,false,1.082110105,250,0
mos_91,none,true,true,0.898158839,250,182
mos_92,none,true,false,0.924185425,250,0
mos_93,none,true,false,1.489269511,250,0
mos_94,none,true,false,0.75292857,250,0
mos_95,none,true,true,0.955707142,250,80
mos_96,none,true,false,1.070342457,250,0
mos_97,none,true,false,0.668029058,250,0
mos_98,none,true,false,0.887246741,250,0
mos_99,none,true,true,17.375345201,250,9968
mos_100,none,true,false,0.554801958,250,0
mos_101,none,true,true,0.636731883,250,131
mos_102,none,true,false,1.639468497,250,0
mos_103,none,true,true,1.114537805,250,278
mos_104,none,true,false,1.2554998,250,0
mos_105,none,true,false,0.66196177,250,0
mos_106,none,true,true,19.496548229,250,9940
mos_107,none,true,true,2.840746995,250,753
mos_108,none,true,false,0.715077242,250,0
mos_109,none,true,false,0.651031632,250,0
mos_110,none,true,false,0.77726607,250,0
mos_111,none,true,false,0.746424666,250,0
mos_112,none,true,false,1.261401343,250,0
mos_113,none,true,true,23.464439885,250,12538
mos_114,none,true,true,0.702014952,250,459
mos_115,none,true,true,1.188401544,250,87
mos_116,none,true,false,1.297997218,250,0
mos_117,none,true,true,1.695954256,250,248
mos_118,none,true,false,0.619778913,250,0
mos_119,none,true,false,1.0698947,250,0
mos_120,none,true,false,1.269419963,250,0
mos_121,none,true,false,1.191813285,250,0
mos_122,none,true,false,2.274906026,250,0
mos_123,none,true,false,0.939439343,250,0
mos_124,none,true,false,0.761793895,250,0
mos_125,none,true,true,3.42241101,250,10001
mos_126,none,true,false,0.73329592,250,0
mos_127,none,true,false,1.055459646,250,0
mos_128,none,true,false,0.636510001,250,0
mos_129,none,true,false,0.895532185,250,0
mos_130,none,true,false,0.54678394,250,0
mos_131,none,true,false,0.987396127,250,0
mos_132,none,true,true,1.28559213,250,98
mos_133,none,true,true,1.339009008,250,215
mos_134,none,true,true,0.927788334,250,125
mos_135,none,true,false,0.694086218,250,0
mos_136,none,true,false,0.776033121,250,0
mos_137,none,true,true,40.191936511,250,20670
mos_138,none,true,true,1.255946206,250,392
mos_139,none,true,false,1.108682161,250,0
mos_140,none,true,true,2.010170251,250,1947
mos_141,none,true,false,0.669618753,250,0
mos_142,none,true,false,0.821849076,250,0
mos_143,none,true,false,1.003541793,250,0
mos_144,none,true,false,0.96515577,250,0
mos_145,none,true,true,1.273073101,250,231
mos_146,none,true,false,1.068061003,250,0
mos_147,none,true,false,0.423403614,250,0
mos_148,none,true,false,1.172003204,250,0
mos_149,none,true,false,1.144694946,250,0
mos_150,none,true,true,13.83451088,250,6380
mos_151,none,true,false,0.873086582,250,0
mos_152,none,true,false,1.029360617,250,0
mos_153,none,true,false,1.286509534,250,0
mos_154,none,true,false,1.134312022,250,0
mos_155,none,true,false,1.233928775,250,0
mos_156,none,true,false,1.118770892,250,0
mos_157,none,true,false,3.020205361,250,0
mos_158,none,true,false,0.828579205,250,0
mos_159,none,true,false,0.733450574,250,0
mos_160,none,true,false,1.92678403,250,0
mos_161,none,true,false,0.698038772,250,0
mos_162,none,true,false,1.415062301,250,0
mos_163,none,true,false,0.752387944,250,0
mos_164,none,true,false,2.11625554,250,0
mos_165,none,true,false,1.959559841,250,0
mos_166,none,true,false,0.432599661,250,0
mos_167,none,true,false,0.908511896,250,0
mos_168,none,true,false,0.926344098,250,0
mos_169,none,true,false,1.590714961,250,0
mos_170,none,true,true,1.154835877,250,287
mos_171,none,true,true,0.835602537,250,152
mos_172,none,true,true,4.368218114,250,2133
mos_173,none,true,false,84.855412394,250,30000
mos_174,none,true,true,0.92558587,250,389
mos_175,none,true,false,1.17602127,250,0
mos_176,none,true,false,1.010409232,250,0
mos_177,none,true,true,0.921710637,250,146
mos_178,none,true,false,1.825331594,250,0
mos_179,none,true,true,0.62462772,250,416
mos_180,none,true,false,0.75289639,250,0
mos_181,none,true,false,1.025439284,250,0
mos_182,none,true,false,0.889212111,250,0
mos_183,none,true,false,0.465919383,250,0
mos_184,none,true,false,1.004144793,250,0
mos_185,none,true,false,1.002421026,250,0
mos_186,none,true,false,1.167445794,250,0
mos_187,none,true,true,10.766679272,250,9856
mos_188,none,true,false,0.994141597,250,0
mos_189,none,true,false,0.797098991,250,0
mos_190,none,true,true,2.168837584,250,9026
mos_191,none,true,false,0.713216106,250,0
mos_192,none,true,false,0.849158329,250,0
mos_193,none,true,false,1.265653688,250,0
mos_194,none,true,true,1.837257081,250,489
mos_195,none,true,true,0.824658404,250,320
mos_196,none,true,false,64.507217063,250,30000
mos_197,none,true,false,67.187154329,250,30000
mos_198,none,true,true,0.99839861,250,201
mos_199,none,true,true,11.186262857,250,6884
mos_200,none,true,true,1.209398329,250,296
mos_201,none,true,false,0.897974516,250,0
mos_202,none,true,false,1.249356807,250,0
mos_203,none,true,false,0.949385385,250,0
mos_204,none,true,false,1.456131514,250,0
mos_205,none,true,true,0.80693656,250,209
mos_206,none,true,true,0.560109203,250,21
mos_207,none,true,false,1.238384222,250,0
mos_208,none,true,true,1.076451805,250,693
mos_209,none,true,false,0.746574478,250,0
mos_210,none,true,true,0.642213288,250,170
mos_211,none,true,true,11.683709207,250,5010
mos_212,none,true,false,0.766692972,250,0
mos_213,none,true,false,0.876602664,250,0
mos_214,none,true,true,0.546877266,250,92
mos_215,none,true,true,1.303120599,250,899
mos_216,none,true,false,59.694927902,250,30000
mos_217,none,true,false,0.661539798,250,0
mos_218,none,true,true,10.869742321,250,3966
mos_219,none,true,false,1.044882476,250,0
mos_220,none,true,false,1.25432598,250,0
mos_221,none,true,false,1.269655753,250,0
mos_222,none,true,true,1.70703652,250,134
mos_223,none,true,true,43.211014666,250,23060
mos_224,none,true,false,1.494337213,250,0
mos_225,none,true,false,2.077199386,250,0
mos_226,none,true,false,0.7430838,250,0
mos_227,none,true,false,0.843181091,250,0
mos_228,none,true,false,0.707306769,250,0
mos_229,none,true,false,1.360449471,250,0
mos_230,none,true,false,1.140570727,250,0
mos_231,none,true,false,4.875686706,250,0
mos_232,none,true,true,1.318020309,250,261
mos_233,none,true,false,1.252943372,250,0
mos_234,none,true,true,1.966086517,250,1957
mos_235,none,true,false,0.814174359,250,0
mos_236,none,true,false,0.932758575,250,0
mos_237,none,true,false,1.003035317,250,0
mos_238,none,true,true,11.584388523,250,5502
mos_239,none,true,false,1.008394169,250,0
mos_240,none,true,false,1.938308837,250,0
mos_241,none,true,false,0.806887971,250,0
mos_242,none,true,true,1.22607236,250,299
mos_243,none,true,false,1.250682801,250,0
mos_244,none,true,false,1.973165213,250,0
mos_245,none,true,false,0.919663357,250,0
mos_246,none,true,false,1.034245162,250,0
mos_247,none,true,false,1.229622991,250,0
mos_248,none,true,false,1.093670664,250,0
mos_249,none,true,false,1.013191437,250,0
mos_250,none,true,false,1.261842193,250,0
mos_251,none,true,false,6.31881305,250,0
mos_252,none,true,false,2.853582408,250,0
mos_253,none,true,true,18.786403672,250,11128
mos_254,none,true,true,1.056116036,250,176
mos_255,none,true,true,1.055641416,250,681
mos_256,none,true,false,0.877340421,250,0
mos_257,none,true,true,0.730335764,250,285
mos_258,none,true,false,2.753710642,250,0
mos_259,none,true,false,1.663699483,250,0
mos_260,none,true,false,0.774854612,250,0
mos_261,none,true,true,1.262348167,250,194
mos_262,none,true,false,1.179772908,250,0
mos_263,none,true,false,1.861456209,250,0
mos_264,none,true,false,1.093372724,250,0
mos_265,none,true,true,1.024521028,250,146
mos_266,none,true,false,1.214077157,250,0
mos_267,none,true,false,0.912127337,250,0
mos_268,none,true,false,0.826411683,250,0
mos_269,none,true,false,0.828582182,250,0
mos_270,none,true,true,0.733043179,250,141
mos_271,none,true,false,1.091720375,250,0
mos_272,none,true,true,23.829263573,250,15480
mos_273,none,true,false,1.305309969,250,0
mos_274,none,true,true,16.517359996,250,10044
mos_275,none,true,true,27.990334923,250,19532
mos_276,none,true,false,46.570339789,250,30000
mos_277,none,true,true,43.630685182,250,24828
mos_278,none,true,true,1.577980826,250,195
mos_279,none,true,false,1.152019755,250,0
mos_280,none,true,false,1.086963158,250,0
mos_281,none,true,true,0.746562766,250,116
mos_282,none,true,false,1.116828912,250,0
mos_283,none,true,true,1.496529634,250,107
mos_284,none,true,false,2.12171832,250,0
mos_285,none,true,true,1.703610725,250,164
mos_286,none,true,false,1.177005913,250,0
mos_287,none,true,false,0.96668232,250,0
mos_288,none,true,false,0.994664396,250,0
mos_289,none,true,true,19.96796955,250,13298
mos_290,none,true,false,1.137686955,250,0
mos_291,none,true,true,0.466655431,250,113
mos_292,none,true,false,1.327772837,250,0
mos_293,none,true,false,2.613570286,250,0
mos_294,none,true,true,0.527625403,250,98
mos_295,none,true,false,1.046518511,250,0
mos_296,none,true,false,0.565929994,250,0
mos_297,none,true,false,1.250169694,250,0
mos_298,none,true,false,0.533893694,250,0
mos_299,none,true,false,0.3124195,250,0
mos_300,none,true,false,1.07889459,250,0
mos_301,none,true,false,3.453767682,250,0
mos_302,none,true,false,1.336635531,250,0
mos_303,none,true,false,0.936684897,250,0
mos_304,none,true,false,1.398054982,250,0
mos_305,none,true,false,0.755678766,250,0
mos_306,none,true,true,3.635910047,250,14463
mos_307,none,true,false,2.142055663,250,0
mos_308,none,true,false,0.947277121,250,0
mos_309,none,true,false,3.19299558,250,0
mos_310,none,true,true,0.499769397,250,245
mos_311,none,true,false,1.943718101,250,0
mos_312,none,true,false,58.040307961,250,30000
mos_313,none,true,false,1.817031435,250,0
mos_314,none,true,false,0.677379672,250,0
mos_315,none,true,false,61.760165875,250,30000
mos_316,none,true,false,1.789725539,250,0
mos_317,none,true,false,1.130158699,250,0
mos_318,none,true,false,67.373379445,250,30000
mos_319,none,true,false,1.092719734,250,0
mos_320,none,true,true,0.750322099,250,407
mos_321,none,true,false,0.99501911,250,0
mos_322,none,true,false,0.623278361,250,0
mos_323,none,true,true,1.274646791,250,182
mos_324,none,true,true,10.376198078,250,4156
mos_325,none,true,false,0.729426526,250,0
mos_326,none,true,false,1.1188719,250,0
mos_327,none,true,false,0.806171867,250,0
mos_328,none,true,false,0.685496074,250,0
mos_329,none,true,false,0.638509027,250,0
mos_330,none,true,false,1.578223515,250,0
mos_331,none,true,true,1.469254456,250,2367
mos_332,none,true,false,0.86206995,250,0
mos_333,none,true,true,0.848055004,250,179
mos_334,none,true,true,2.505112775,250,2689
mos_335,none,true,false,1.023544875,250,0
mos_336,none,true,false,1.674517991,250,0
mos_337,none,true,false,50.92325753,250,30000
mos_338,none,true,false,1.217464058,250,0
mos_339,none,true,false,2.238697142,250,0
mos_340,none,true,false,2.472645313,250,0
mos_341,none,true,false,2.340513388,250,0
mos_342,none,true,false,0.492255716,250,0
mos_343,none,true,true,12.687360349,250,7556
mos_344,none,true,true,0.895761165,250,101
mos_345,none,true,false,0.786564256,250,0
mos_346,none,true,true,8.602990838,250,2944
mos_347,none,true,false,0.772392772,250,0
mos_348,none,true,false,0.813850991,250,0
mos_349,none,true,false,1.043426204,250,0
mos_350,none,true,false,1.139521994,250,0
mos_351,none,true,true,3.149853537,250,5165
mos_352,none,true,true,0.989014062,250,176
mos_353,none,true,true,12.251007181,250,7734
mos_354,none,true,false,56.265761405,250,30000
mos_355,none,true,true,1.254252247,250,203
mos_356,none,true,false,37.814744867,250,30000
mos_357,none,true,false,1.264474977,250,0
mos_358,none,true,true,1.715934917,250,369
mos_359,none,true,false,1.306108761,250,0
mos_360,none,true,false,2.837729222,250,0
mos_361,none,true,false,2.416834319,250,0
mos_362,none,true,false,1.198271381,250,0
mos_363,none,true,true,11.444976664,250,5378
mos_364,none,true,true,0.979589134,250,393
mos_365,none,true,false,1.305390798,250,0
mos_366,none,true,false,0.802317802,250,0
mos_367,none,true,true,1.701351005,250,236
mos_368,none,true,false,1.184137766,250,0
mos_369,none,true,false,1.050815673,250,0
mos_370,none,true,false,0.518982264,250,0
mos_371,none,true,false,0.522629747,250,0
mos_372,none,true,false,1.307842943,250,0
mos_373,none,true,true,3.142338734,250,8891
mos_374,none,true,false,1.183817676,250,0
mos_375,none,true,false,0.698726486,250,0
mos_376,none,true,false,1.167190677,250,0
mos_377,none,true,true,0.627846798,250,311
mos_378,none,true,false,0.735127418,250,0
mos_379,none,true,true,18.788253595,250,6736
mos_380,none,true,false,1.307179285,250,0
mos_381,none,true,false,1.056076954,250,0
mos_382,none,true,false,0.941434638,250,0
mos_383,none,true,false,62.256672031,250,30000
mos_384,none,true,false,2.565671971,250,0
mos_385,none,true,false,1.34550193,250,0
mos_386,none,true,false,1.003725005,250,0
mos_387,none,true,false,1.435055883,250,0
mos_388,none,true,false,91.954262015,250,30000
mos_389,none,true,false,1.181864224,250,0
mos_390,none,true,true,1.215034702,250,93
mos_391,none,true,true,1.780448894,250,99
mos_392,none,true,true,6.833245149,250,1260
mos_393,none,true,true,23.943973851,250,13170
mos_394,none,true,false,0.900530487,250,0
mos_395,none,true,false,0.766502355,250,0
mos_396,none,true,false,0.717000429,250,0
mos_397,none,true,true,0.688091306,250,344
mos_398,none,true,false,1.617950812,250,0
mos_399,none,true,false,0.747755941,250,0
mos_400,none,true,false,0.582718392,250,0
mos_401,none,true,true,0.773689755,250,95
mos_402,none,true,false,1.472924764,250,0
mos_403,none,true,false,0.764171614,250,0
mos_404,none,true,false,0.835336457,250,0
mos_405,none,true,false,0.883473731,250,0
mos_406,none,true,false,1.161752278,250,0
mos_407,none,true,false,0.982284335,250,0
mos_408,none,true,false,1.085916615,250,0
mos_409,none,true,false,2.316262584,250,0
mos_410,none,true,false,1.043008989,250,0
mos_411,none,true,true,3.179826324,250,5043
mos_412,none,true,false,0.774590995,250,0
mos_413,none,true,false,1.23000542,250,0
mos_414,none,true,true,3.421391346,250,2269
mos_415,none,true,false,0.732094558,250,0
mos_416,none,true,false,0.684208856,250,0
mos_417,none,true,true,1.009441329,250,62
mos_418,none,true,false,0.954752798,250,0
mos_419,none,true,false,0.960023585,250,0
mos_420,none,true,true,2.860923965,250,3819
mos_421,none,true,false,0.732484817,250,0
mos_422,none,true,false,0.768848714,250,0
mos_423,none,true,false,1.360805713,250,0
mos_424,none,true,true,2.875380412,250,152
mos_425,none,true,true,1.369577582,250,443
mos_426,none,true,true,2.055746699,250,171
mos_427,none,true,true,0.912135209,250,218
mos_428,none,true,false,0.732583113,250,0
mos_429,none,true,false,1.971358778,250,0
mos_430,none,true,true,15.167716288,250,6478
mos_431,none,true,false,0.796059694,250,0
mos_432,none,true,true,13.931477417,250,5266
mos_433,none,true,false,0.850458555,250,0
mos_434,none,true,false,1.371999882,250,0
mos_435,none,true,true,1.61515556,250,2301
mos_436,none,true,false,0.777758745,250,0
mos_437,none,true,false,0.984223117,250,0
mos_438,none,true,false,1.073783833,250,0
mos_439,none,true,true,1.076332791,250,254
mos_440,none,true,false,1.538471422,250,0
mos_441,none,true,true,1.811605334,250,341
mos_442,none,true,false,0.602130113,250,0
mos_443,none,true,false,1.021418083,250,0
mos_444,none,true,false,1.466614069,250,0
mos_445,none,true,false,0.997624828,250,0
mos_446,none,true,false,1.222038644,250,0
mos_447,none,true,false,0.953049635,250,0
mos_448,none,true,false,0.861241692,250,0
mos_449,none,true,false,0.787729843,250,0
mos_450,none,true,false,2.390569997,250,0
mos_451,none,true,false,0.871956172,250,0
mos_452,none,true,false,0.604724462,250,0
mos_453,none,true,false,1.988593613,250,0
mos_454,none,true,false,1.973668392,250,0
mos_455,none,true,false,0.718930928,250,0
mos_456,none,true,true,2.07242718,250,2999
mos_457,none,true,true,0.887136166,250,89
mos_458,none,true,false,0.690203868,250,0
mos_459,none,true,false,0.812406972,250,0
mos_460,none,true,true,26.038667493,250,12114
mos_461,none,true,false,0.796130542,250,0
mos_462,none,true,true,1.55919326,250,347
mos_463,none,true,false,0.756964053,250,0
mos_464,none,true,false,0.98018868,250,0
mos_465,none,true,false,0.698494751,250,0
mos_466,none,true,false,0.784043402,250,0
mos_467,none,true,false,0.481082032,250,0
mos_468,none,true,true,39.588853135,250,24518
mos_469,none,true,false,0.892250724,250,0
mos_470,none,true,false,0.465910805,250,0
mos_471,none,true,false,49.713795472,250,30000
mos_472,none,true,false,1.411866022,250,0
mos_473,none,true,true,0.867530665,250,128
mos_474,none,true,false,1.036233909,250,0
mos_475,none,true,false,1.064806282,250,0
mos_476,none,true,true,1.420951187,250,2081
mos_477,none,true,false,1.769606382,250,0
mos_478,none,true,false,2.363876342,250,0
mos_479,none,true,true,0.923068684,250,254
mos_480,none,true,true,1.691622662,250,1459
mos_481,none,true,false,0.755990344,250,0
mos_482,none,true,false,40.746876441,250,30000
mos_483,none,true,false,2.326900829,250,0
mos_484,none,true,false,2.407021598,250,0
mos_485,none,true,false,0.947270354,250,0
mos_486,none,true,false,1.53879818,250,0
mos_487,none,true,false,0.838243623,250,0
mos_488,none,true,false,1.523136515,250,0
mos_489,none,true,false,1.021696188,250,0
mos_490,none,true,false,0.851812886,250,0
mos_491,none,true,false,0.53844682,250,0
mos_492,none,true,false,0.638684629,250,0
mos_493,none,true,false,0.53289561,250,0
mos_494,none,true,false,65.17530606,250,30000
mos_495,none,true,false,1.008270997,250,0
mos_496,none,true,true,0.760277123,250,225
mos_497,none,true,false,0.738180741,250,0
mos_498,none,true,false,1.525077388,250,0
mos_499,none,true,false,1.296957009,250,0
mos_500,none,true,true,1.269345504,250,125
mos_1,tanimoto,true,false,1.496764911,250,0
mos_2,tanimoto,true,false,0.695322763,250,0
mos_3,tanimoto,true,false,0.895588405,250,0
mos_4,tanimoto,true,false,1.539424387,250,0
mos_5,tanimoto,true,false,0.982403939,250,0
mos_6,tanimoto,true,false,0.530098931,250,0
mos_7,tanimoto,true,false,0.906990631,250,0
mos_8,tanimoto,true,false,1.098040339,250,0
mos_9,tanimoto,true,false,1.560229361,250,0
mos_10,tanimoto,true,true,1.433867676,250,194
mos_11,tanimoto,true,true,2.356009465,250,957
mos_12,tanimoto,true,false,0.598402581,250,0
mos_13,tanimoto,true,false,0.979923965,250,0
mos_14,tanimoto,true,true,1.63436906,250,665
mos_15,tanimoto,true,true,2.559033994,250,3787
mos_16,tanimoto,true,true,0.620419482,250,998
mos_17,tanimoto,true,false,2.07130381,250,0
mos_18,tanimoto,true,false,1.233609807,250,0
mos_19,tanimoto,true,false,2.786527645,250,0
mos_20,tanimoto,true,false,1.47641636,250,0
mos_21,tanimoto,true,false,1.425020962,250,0
mos_22,tanimoto,true,false,1.104842468,250,0
mos_23,tanimoto,true,false,0.976104431,250,0
mos_24,tanimoto,true,false,0.863517655,250,0
mos_25,tanimoto,true,true,1.210834297,250,767
mos_26,tanimoto,true,false,0.860947605,250,0
mos_27,tanimoto,true,false,1.396503018,250,0
mos_28,tanimoto,true,false,0.878836052,250,0
mos_29,tanimoto,true,true,9.865951704,250,2832
mos_30,tanimoto,true,false,113.669457753,250,30000
mos_31,tanimoto,true,false,1.489346106,250,0
mos_32,tanimoto,true,false,2.13584539,250,0
mos_33,tanimoto,true,false,0.388381753,250,0
mos_34,tanimoto,true,true,26.615304735,250,14242
mos_35,tanimoto,true,true,1.954223547,250,3195
mos_36,tanimoto,true,false,0.344966789,250,0
mos_37,tanimoto,true,true,0.858117619,250,203
mos_38,tanimoto,true,false,1.269786259,250,0
mos_39,tanimoto,true,true,5.401704494,250,9865
mos_40,tanimoto,true,false,0.685113649,250,0
mos_41,tanimoto,true,false,0.615297648,250,0
mos_42,tanimoto,true,true,3.414748644,250,1739
mos_43,tanimoto,true,false,0.799536145,250,0
mos_44,tanimoto,true,false,0.711679585,250,0
mos_45,tanimoto,true,false,0.7785468,250,0
mos_46,tanimoto,true,true,1.443358365,250,764
mos_47,tanimoto,true,false,1.126635606,250,0
mos_48,tanimoto,true,false,0.842951596,250,0
mos_49,tanimoto,true,true,13.343402268,250,7216
mos_50,tanimoto,true,true,0.654367544,250,113
mos_51,tanimoto,true,true,16.032967308,250,7364
mos_52,tanimoto,true,false,0.915622949,250,0
mos_53,tanimoto,true,false,1.035241487,250,0
mos_54,tanimoto,true,false,0.575670553,250,0
mos_55,tanimoto,true,false,0.525547252,250,0
mos_56,tanimoto,true,false,1.018994209,250,0
mos_57,tanimoto,true,false,1.105405517,250,0
mos_58,tanimoto,true,true,1.292873086,250,345
mos_59,tanimoto,true,false,0.714248594,250,0
mos_60,tanimoto,true,false,0.58811777,250,0
mos_61,tanimoto,true,true,1.081299143,250,206
mos_62,tanimoto,true,false,0.76712407,250,0
mos_63,tanimoto,true,true,14.3199301,250,8584
mos_64,tanimoto,true,true,0.838506108,250,269
mos_65,tanimoto,true,true,1.123387313,250,177
mos_66,tanimoto,true,true,2.251363826,250,6402
mos_67,tanimoto,true,false,1.51025694,250,0
mos_68,tanimoto,true,false,0.671511802,250,0
mos_69,tanimoto,true,true,0.924321736,250,407
mos_70,tanimoto,true,false,59.084037199,250,30000
mos_71,tanimoto,true,false,2.703061552,250,0
mos_72,tanimoto,true,false,1.292239899,250,0
mos_73,tanimoto,true,true,17.347747442,250,13364
mos_74,tanimoto,true,false,1.722724111,250,0
mos_75,tanimoto,true,false,1.216098621,250,0
mos_76,tanimoto,true,false,1.203736638,250,0
mos_77,tanimoto,true,true,1.26540214,250,381
mos_78,tanimoto,true,false,0.423307765,250,0
mos_79,tanimoto,true,true,1.947150622,250,206
mos_80,tanimoto,true,false,3.027175301,250,0
mos_81,tanimoto,true,true,0.902636199,250,93
mos_82,tanimoto,true,true,12.450188896,250,5876
mos_83,tanimoto,true,true,47.055685833,250,29668
mos_84,tanimoto,true,false,1.056925071,250,0
mos_85,tanimoto,true,false,60.158074519,250,30000
mos_86,tanimoto,true,false,0.619735602,250,0
mos_87,tanimoto,true,false,0.79614723,250,0
mos_88,tanimoto,true,false,0.687906633,250,0
mos_89,tanimoto,true,false,0.568572894,250,0
mos_90,tanimoto,true,false,1.082110105,250,0
mos_91,tanimoto,true,true,0.882865015,250,182
mos_92,tanimoto,true,false,0.924185425,250,0
mos_93,tanimoto,true,false,1.489269511,250,0
mos_94,tanimoto,true,false,0.75292857,250,0
mos_95,tanimoto,true,true,0.783426354,250,80
mos_96,tanimoto,true,false,1.070342457,250,0
mos_97,tanimoto,true,false,0.668029058,250,0
mos_98,tanimoto,true,false,0.887246741,250,0
mos_99,tanimoto,true,true,16.429428115,250,9968
mos_100,tanimoto,true,false,0.554801958,250,0
mos_101,tanimoto,true,true,0.561377308,250,131
mos_102,tanimoto,true,false,1.639468497,250,0
mos_103,tanimoto,true,true,1.265098078,250,278
mos_104,tanimoto,true,false,1.2554998,250,0
mos_105,tanimoto,true,false,0.66196177,250,0
mos_106,tanimoto,true,true,16.4404604,250,9962
mos_107,tanimoto,true,true,2.803533895,250,753
mos_108,tanimoto,true,false,0.715077242,250,0
mos_109,tanimoto,true,false,0.651031632,250,0
mos_110,tanimoto,true,false,0.77726607,250,0
mos_111,tanimoto,true,false,0.746424666,250,0
mos_112,tanimoto,true,false,1.261401343,250,0
mos_113,tanimoto,true,true,21.566016376,250,12620
mos_114,tanimoto,true,true,0.677554952,250,459
mos_115,tanimoto,true,true,0.938583947,250,87
mos_116,tanimoto,true,false,1.297997218,250,0
mos_117,tanimoto,true,true,1.609656154,250,248
mos_118,tanimoto,true,false,0.619778913,250,0
mos_119,tanimoto,true,false,1.0698947,250,0
mos_120,tanimoto,true,false,1.269419963,250,0
mos_121,tanimoto,true,false,1.191813285,250,0
mos_122,tanimoto,true,false,2.274906026,250,0
mos_123,tanimoto,true,false,0.939439343,250,0
mos_124,tanimoto,true,false,0.761793895,250,0
mos_125,tanimoto,true,true,3.506780583,250,10149
mos_126,tanimoto,true,false,0.73329592,250,0
mos_127,tanimoto,true,false,1.055459646,250,0
mos_128,tanimoto,true,false,0.636510001,250,0
mos_129,tanimoto,true,false,0.895532185,250,0
mos_130,tanimoto,true,false,0.54678394,250,0
mos_131,tanimoto,true,false,0.987396127,250,0
mos_132,tanimoto,true,true,1.315223636,250,98
mos_133,tanimoto,true,true,1.190535344,250,215
mos_134,tanimoto,true,true,0.981126871,250,125
mos_135,tanimoto,true,false,0.694086218,250,0
mos_136,tanimoto,true,false,0.776033121,250,0
mos_137,tanimoto,true,true,42.151571537,250,20824
mos_138,tanimoto,true,true,1.202003647,250,392
mos_139,tanimoto,true,false,1.108682161,250,0
mos_140,tanimoto,true,true,2.103059751,250,1975
mos_141,tanimoto,true,false,0.669618753,250,0
mos_142,tanimoto,true,false,0.821849076,250,0
mos_143,tanimoto,true,false,1.003541793,250,0
mos_144,tanimoto,true,false,0.96515577,250,0
mos_145,tanimoto,true,true,1.428525917,250,231
mos_146,tanimoto,true,false,1.068061003,250,0
mos_147,tanimoto,true,false,0.423403614,250,0
mos_148,tanimoto,true,false,1.172003204,250,0
mos_149,tanimoto,true,false,1.144694946,250,0
mos_150,tanimoto,true,true,15.364558204,250,6480
mos_151,tanimoto,true,false,0.873086582,250,0
mos_152,tanimoto,true,false,1.029360617,250,0
mos_153,tanimoto,true,false,1.286509534,250,0
mos_154,tanimoto,true,false,1.134312022,250,0
mos_155,tanimoto,true,false,1.233928775,250,0
mos_156,tanimoto,true,false,1.118770892,250,0
mos_157,tanimoto,true,false,3.020205361,250,0
mos_158,tanimoto,true,false,0.828579205,250,0
mos_159,tanimoto,true,false,0.733450574,250,0
mos_160,tanimoto,true,false,1.92678403,250,0
mos_161,tanimoto,true,false,0.698038772,250,0
mos_162,tanimoto,true,false,1.415062301,250,0
mos_163,tanimoto,true,false,0.752387944,250,0
mos_164,tanimoto,true,false,2.11625554,250,0
mos_165,tanimoto,true,false,1.959559841,250,0
mos_166,tanimoto,true,false,0.432599661,250,0
mos_167,tanimoto,true,false,0.908511896,250,0
mos_168,tanimoto,true,false,0.926344098,250,0
mos_169,tanimoto,true,false,1.590714961,250,0
mos_170,tanimoto,true,true,1.137113827,250,287
mos_171,tanimoto,true,true,1.240305736,250,152
mos_172,tanimoto,true,true,4.962310537,250,2137
mos_173,tanimoto,true,false,82.607869505,250,30000
mos_174,tanimoto,true,true,1.013732128,250,389
mos_175,tanimoto,true,false,1.17602127,250,0
mos_176,tanimoto,true,false,1.010409232,250,0
mos_177,tanimoto,true,true,1.020119955,250,146
mos_178,tanimoto,true,false,1.825331594,250,0
mos_179,tanimoto,true,true,0.499766182,250,416
mos_180,tanimoto,true,false,0.75289639,250,0
mos_181,tanimoto,true,false,1.025439284,250,0
mos_182,tanimoto,true,false,0.889212111,250,0
mos_183,tanimoto,true,false,0.465919383,250,0
mos_184,tanimoto,true,false,1.004144793,250,0
mos_185,tanimoto,true,false,1.002421026,250,0
mos_186,tanimoto,true,false,1.167445794,250,0
mos_187,tanimoto,true,true,11.544699872,250,10002
mos_188,tanimoto,true,false,0.994141597,250,0
mos_189,tanimoto,true,false,0.797098991,250,0
mos_190,tanimoto,true,true,2.262614427,250,9100
mos_191,tanimoto,true,false,0.713216106,250,0
mos_192,tanimoto,true,false,0.849158329,250,0
mos_193,tanimoto,true,false,1.265653688,250,0
mos_194,tanimoto,true,true,1.844891127,250,489
mos_195,tanimoto,true,true,0.638785624,250,320
mos_196,tanimoto,true,false,75.87707226,250,30000
mos_197,tanimoto,true,false,64.299186946,250,30000
mos_198,tanimoto,true,true,1.403675953,250,201
mos_199,tanimoto,true,true,15.270444107,250,7090
mos_200,tanimoto,true,true,1.418030761,250,296
mos_201,tanimoto,true,false,0.897974516,250,0
mos_202,tanimoto,true,false,1.249356807,250,0
mos_203,tanimoto,true,false,0.949385385,250,0
mos_204,tanimoto,true,false,1.456131514,250,0
mos_205,tanimoto,true,true,0.789908092,250,209
mos_206,tanimoto,true,true,0.551738096,250,21
mos_207,tanimoto,true,false,1.238384222,250,0
mos_208,tanimoto,true,true,1.13970604,250,693
mos_209,tanimoto,true,false,0.746574478,250,0
mos_210,tanimoto,true,true,0.693598882,250,170
mos_211,tanimoto,true,true,10.855735808,250,5066
mos_212,tanimoto,true,false,0.766692972,250,0
mos_213,tanimoto,true,false,0.876602664,250,0
mos_214,tanimoto,true,true,0.502899933,250,92
mos_215,tanimoto,true,true,1.417463699,250,1055
mos_216,tanimoto,true,false,54.243496686,250,30000
mos_217,tanimoto,true,false,0.661539798,250,0
mos_218,tanimoto,true,true,13.329953087,250,3994
mos_219,tanimoto,true,false,1.044882476,250,0
mos_220,tanimoto,true,false,1.25432598,250,0
mos_221,tanimoto,true,false,1.269655753,250,0
mos_222,tanimoto,true,true,1.814818662,250,134
mos_223,tanimoto,true,true,41.688606543,250,23068
mos_224,tanimoto,true,false,1.494337213,250,0
mos_225,tanimoto,true,false,2.077199386,250,0
mos_226,tanimoto,true,false,0.7430838,250,0
mos_227,tanimoto,true,false,0.843181091,250,0
mos_228,tanimoto,true,false,0.707306769,250,0
mos_229,tanimoto,true,false,1.360449471,250,0
mos_230,tanimoto,true,false,1.140570727,250,0
mos_231,tanimoto,true,false,4.875686706,250,0
mos_232,tanimoto,true,true,1.255033633,250,261
mos_233,tanimoto,true,false,1.252943372,250,0
mos_234,tanimoto,true,true,2.018494019,250,2135
mos_235,tanimoto,true,false,0.814174359,250,0
mos_236,tanimoto,true,false,0.932758575,250,0
mos_237,tanimoto,true,false,1.003035317,250,0
mos_238,tanimoto,true,true,10.440165376,250,5504
mos_239,tanimoto,true,false,1.008394169,250,0
mos_240,tanimoto,true,false,1.938308837,250,0
mos_241,tanimoto,true,false,0.806887971,250,0
mos_242,tanimoto,true,true,1.163890824,250,299
mos_243,tanimoto,true,false,1.250682801,250,0
mos_244,tanimoto,true,false,1.973165213,250,0
mos_245,tanimoto,true,false,0.919663357,250,0
mos_246,tanimoto,true,false,1.034245162,250,0
mos_247,tanimoto,true,false,1.229622991,250,0
mos_248,tanimoto,true,false,1.093670664,250,0
mos_249,tanimoto,true,false,1.013191437,250,0
mos_250,tanimoto,true,false,1.261842193,250,0
mos_251,tanimoto,true,false,6.31881305,250,0
mos_252,tanimoto,true,false,2.853582408,250,0
mos_253,tanimoto,true,true,18.353225194,250,11206
mos_254,tanimoto,true,true,1.112992263,250,176
mos_255,tanimoto,true,true,0.931379631,250,681
mos_256,tanimoto,true,false,0.877340421,250,0
mos_257,tanimoto,true,true,0.923589604,250,285
mos_258,tanimoto,true,false,2.753710642,250,0
mos_259,tanimoto,true,false,1.663699483,250,0
mos_260,tanimoto,true,false,0.774854612,250,0
mos_261,tanimoto,true,true,1.026947526,250,194
mos_262,tanimoto,true,false,1.179772908,250,0
mos_263,tanimoto,true,false,1.861456209,250,0
mos_264,tanimoto,true,false,1.093372724,250,0
mos_265,tanimoto,true,true,0.931218415,250,146
mos_266,tanimoto,true,false,1.214077157,250,0
mos_267,tanimoto,true,false,0.912127337,250,0
mos_268,tanimoto,true,false,0.826411683,250,0
mos_269,tanimoto,true,false,0.828582182,250,0
mos_270,tanimoto,true,true,0.868396274,250,141
mos_271,tanimoto,true,false,1.091720375,250,0
mos_272,tanimoto,true,true,24.947666541,250,15550
mos_273,tanimoto,true,false,1.305309969,250,0
mos_274,tanimoto,true,true,15.375000545,250,10168
mos_275,tanimoto,true,true,29.402058137,250,19832
mos_276,tanimoto,true,false,39.469727173,250,30000
mos_277,tanimoto,true,true,56.824510582,250,24920
mos_278,tanimoto,true,true,2.997107822,250,195
mos_279,tanimoto,true,false,1.152019755,250,0
mos_280,tanimoto,true,false,1.086963158,250,0
mos_281,tanimoto,true,true,0.75635619,250,116
mos_282,tanimoto,true,false,1.116828912,250,0
mos_283,tanimoto,true,true,1.71003303,250,107
mos_284,tanimoto,true,false,2.12171832,250,0
mos_285,tanimoto,true,true,1.836603451,250,164
mos_286,tanimoto,true,false,1.177005913,250,0
mos_287,tanimoto,true,false,0.96668232,250,0
mos_288,tanimoto,true,false,0.994664396,250,0
mos_289,tanimoto,true,true,25.256601469,250,13364
mos_290,tanimoto,true,false,1.137686955,250,0
mos_291,tanimoto,true,true,0.718674684,250,113
mos_292,tanimoto,true,false,1.327772837,250,0
mos_293,tanimoto,true,false,2.613570286,250,0
mos_294,tanimoto,true,true,0.693968051,250,98
mos_295,tanimoto,true,false,1.046518511,250,0
mos_296,tanimoto,true,false,0.565929994,250,0
mos_297,tanimoto,true,false,1.250169694,250,0
mos_298,tanimoto,true,false,0.533893694,250,0
mos_299,tanimoto,true,false,0.3124195,250,0
mos_300,tanimoto,true,false,1.07889459,250,0
mos_301,tanimoto,true,false,3.453767682,250,0
mos_302,tanimoto,true,false,1.336635531,250,0
mos_303,tanimoto,true,false,0.936684897,250,0
mos_304,tanimoto,true,false,1.398054982,250,0
mos_305,tanimoto,true,false,0.755678766,250,0
mos_306,tanimoto,true,true,3.927899957,250,14535
mos_307,tanimoto,true,false,2.142055663,250,0
mos_308,tanimoto,true,false,0.947277121,250,0
mos_309,tanimoto,true,false,3.19299558,250,0
mos_310,tanimoto,true,true,0.483107966,250,245
mos_311,tanimoto,true,false,1.943718101,250,0
mos_312,tanimoto,true,false,44.106643158,250,30000
mos_313,tanimoto,true,false,1.817031435,250,0
mos_314,tanimoto,true,false,0.677379672,250,0
mos_315,tanimoto,true,false,56.209470171,250,30000
mos_316,tanimoto,true,false,1.789725539,250,0
mos_317,tanimoto,true,false,1.130158699,250,0
mos_318,tanimoto,true,false,58.339527731,250,30000
mos_319,tanimoto,true,false,1.092719734,250,0
mos_320,tanimoto,true,true,0.901172116,250,407
mos_321,tanimoto,true,false,0.99501911,250,0
mos_322,tanimoto,true,false,0.623278361,250,0
mos_323,tanimoto,true,true,1.886505987,250,182
mos_324,tanimoto,true,true,10.818237893,250,4250
mos_325,tanimoto,true,false,0.729426526,250,0
mos_326,tanimoto,true,false,1.1188719,250,0
mos_327,tanimoto,true,false,0.806171867,250,0
mos_328,tanimoto,true,false,0.685496074,250,0
mos_329,tanimoto,true,false,0.638509027,250,0
mos_330,tanimoto,true,false,1.578223515,250,0
mos_331,tanimoto,true,true,1.571655399,250,2517
mos_332,tanimoto,true,false,0.86206995,250,0
mos_333,tanimoto,true,true,0.861245062,250,179
mos_334,tanimoto,true,true,2.269920496,250,2765
mos_335,tanimoto,true,false,1.023544875,250,0
mos_336,tanimoto,true,false,1.674517991,250,0
mos_337,tanimoto,true,false,46.893701963,250,30000
mos_338,tanimoto,true,false,1.217464058,250,0
mos_339,tanimoto,true,false,2.238697142,250,0
mos_340,tanimoto,true,false,2.472645313,250,0
mos_341,tanimoto,true,false,2.340513388,250,0
mos_342,tanimoto,true,false,0.492255716,250,0
mos_343,tanimoto,true,true,11.248774425,250,7596
mos_344,tanimoto,true,true,0.837566588,250,101
mos_345,tanimoto,true,false,0.786564256,250,0
mos_346,tanimoto,true,true,7.448493809,250,3048
mos_347,tanimoto,true,false,0.772392772,250,0
mos_348,tanimoto,true,false,0.813850991,250,0
mos_349,tanimoto,true,false,1.043426204,250,0
mos_350,tanimoto,true,false,1.139521994,250,0
mos_351,tanimoto,true,true,2.691393733,250,5183
mos_352,tanimoto,true,true,0.829412294,250,176
mos_353,tanimoto,true,true,11.258069662,250,7796
mos_354,tanimoto,true,false,53.593385463,250,30000
mos_355,tanimoto,true,true,1.132941183,250,203
mos_356,tanimoto,true,false,27.09987969,250,30000
mos_357,tanimoto,true,false,1.264474977,250,0
mos_358,tanimoto,true,true,1.212055535,250,369
mos_359,tanimoto,true,false,1.306108761,250,0
mos_360,tanimoto,true,false,2.837729222,250,0
mos_361,tanimoto,true,false,2.416834319,250,0
mos_362,tanimoto,true,false,1.198271381,250,0
mos_363,tanimoto,true,true,10.592289676,250,5404
mos_364,tanimoto,true,true,0.969575616,250,393
mos_365,tanimoto,true,false,1.305390798,250,0
mos_366,tanimoto,true,false,0.802317802,250,0
mos_367,tanimoto,true,true,2.014869779,250,236
mos_368,tanimoto,true,false,1.184137766,250,0
mos_369,tanimoto,true,false,1.050815673,250,0
mos_370,tanimoto,true,false,0.518982264,250,0
mos_371,tanimoto,true,false,0.522629747,250,0
mos_372,tanimoto,true,false,1.307842943,250,0
mos_373,tanimoto,true,true,4.700524176,250,8989
mos_374,tanimoto,true,false,1.183817676,250,0
mos_375,tanimoto,true,false,0.698726486,250,0
mos_376,tanimoto,true,false,1.167190677,250,0
mos_377,tanimoto,true,true,0.917545692,250,311
mos_378,tanimoto,true,false,0.735127418,250,0
mos_379,tanimoto,true,true,16.368879081,250,6758
mos_380,tanimoto,true,false,1.307179285,250,0
mos_381,tanimoto,true,false,1.056076954,250,0
mos_382,tanimoto,true,false,0.941434638,250,0
mos_383,tanimoto,true,false,52.077406984,250,30000
mos_384,tanimoto,true,false,2.565671971,250,0
mos_385,tanimoto,true,false,1.34550193,250,0
mos_386,tanimoto,true,false,1.003725005,250,0
mos_387,tanimoto,true,false,1.435055883,250,0
mos_388,tanimoto,true,false,102.0738548,250,30000
mos_389,tanimoto,true,false,1.181864224,250,0
mos_390,tanimoto,true,true,1.161828189,250,93
mos_391,tanimoto,true,true,2.137485441,250,99
mos_392,tanimoto,true,true,6.729158175,250,1358
mos_393,tanimoto,true,true,24.348451744,250,13226
mos_394,tanimoto,true,false,0.900530487,250,0
mos_395,tanimoto,true,false,0.766502355,250,0
mos_396,tanimoto,true,false,0.717000429,250,0
mos_397,tanimoto,true,true,0.794087098,250,344
mos_398,tanimoto,true,false,1.617950812,250,0
mos_399,tanimoto,true,false,0.747755941,250,0
mos_400,tanimoto,true,false,0.582718392,250,0
mos_401,tanimoto,true,true,0.940572877,250,95
mos_402,tanimoto,true,false,1.472924764,250,0
mos_403,tanimoto,true,false,0.764171614,250,0
mos_404,tanimoto,true,false,0.835336457,250,0
mos_405,tanimoto,true,false,0.883473731,250,0
mos_406,tanimoto,true,false,1.161752278,250,0
mos_407,tanimoto,true,false,0.982284335,250,0
mos_408,tanimoto,true,false,1.085916615,250,0
mos_409,tanimoto,true,false,2.316262584,250,0
mos_410,tanimoto,true,false,1.043008989,250,0
mos_411,tanimoto,true,true,1.931694573,250,5077
mos_412,tanimoto,true,false,0.774590995,250,0
mos_413,tanimoto,true,false,1.23000542,250,0
mos_414,tanimoto,true,true,3.167764253,250,2375
mos_415,tanimoto,true,false,0.732094558,250,0
mos_416,tanimoto,true,false,0.684208856,250,0
mos_417,tanimoto,true,true,0.970377649,250,62
mos_418,tanimoto,true,false,0.954752798,250,0
mos_419,tanimoto,true,false,0.960023585,250,0
mos_420,tanimoto,true,true,1.628677416,250,3831
mos_421,tanimoto,true,false,0.732484817,250,0
mos_422,tanimoto,true,false,0.768848714,250,0
mos_423,tanimoto,true,false,1.360805713,250,0
mos_424,tanimoto,true,true,2.857397144,250,152
mos_425,tanimoto,true,true,0.704603623,250,443
mos_426,tanimoto,true,true,2.166221371,250,171
mos_427,tanimoto,true,true,0.878988794,250,218
mos_428,tanimoto,true,false,0.732583113,250,0
mos_429,tanimoto,true,false,1.971358778,250,0
mos_430,tanimoto,true,true,14.485207837,250,6532
mos_431,tanimoto,true,false,0.796059694,250,0
mos_432,tanimoto,true,true,11.908648155,250,5384
mos_433,tanimoto,true,false,0.850458555,250,0
mos_434,tanimoto,true,false,1.371999882,250,0
mos_435,tanimoto,true,true,1.599816483,250,2413
mos_436,tanimoto,true,false,0.777758745,250,0
mos_437,tanimoto,true,false,0.984223117,250,0
mos_438,tanimoto,true,false,1.073783833,250,0
mos_439,tanimoto,true,true,1.023200797,250,254
mos_440,tanimoto,true,false,1.538471422,250,0
mos_441,tanimoto,true,true,1.846591795,250,341
mos_442,tanimoto,true,false,0.602130113,250,0
mos_443,tanimoto,true,false,1.021418083,250,0
mos_444,tanimoto,true,false,1.466614069,250,0
mos_445,tanimoto,true,false,0.997624828,250,0
mos_446,tanimoto,true,false,1.222038644,250,0
mos_447,tanimoto,true,false,0.953049635,250,0
mos_448,tanimoto,true,false,0.861241692,250,0
mos_449,tanimoto,true,false,0.787729843,250,0
mos_450,tanimoto,true,false,2.390569997,250,0
mos_451,tanimoto,true,false,0.871956172,250,0
mos_452,tanimoto,true,false,0.604724462,250,0
mos_453,tanimoto,true,false,1.988593613,250,0
mos_454,tanimoto,true,false,1.973668392,250,0
mos_455,tanimoto,true,false,0.718930928,250,0
mos_456,tanimoto,true,true,2.205199718,250,3049
mos_457,tanimoto,true,true,0.916272475,250,89
mos_458,tanimoto,true,false,0.690203868,250,0
mos_459,tanimoto,true,false,0.812406972,250,0
mos_460,tanimoto,true,true,21.98069541,250,12132
mos_461,tanimoto,true,false,0.796130542,250,0
mos_462,tanimoto,true,true,1.019855063,250,347
mos_463,tanimoto,true,false,0.756964053,250,0
mos_464,tanimoto,true,false,0.98018868,250,0
mos_465,tanimoto,true,false,0.698494751,250,0
mos_466,tanimoto,true,false,0.784043402,250,0
mos_467,tanimoto,true,false,0.481082032,250,0
mos_468,tanimoto,true,true,46.734613757,250,24540
mos_469,tanimoto,true,false,0.892250724,250,0
mos_470,tanimoto,true,false,0.465910805,250,0
mos_471,tanimoto,true,false,47.127061679,250,30000
mos_472,tanimoto,true,false,1.411866022,250,0
mos_473,tanimoto,true,true,0.878103998,250,128
mos_474,tanimoto,true,false,1.036233909,250,0
mos_475,tanimoto,true,false,1.064806282,250,0
mos_476,tanimoto,true,true,1.45995897,250,2121
mos_477,tanimoto,true,false,1.769606382,250,0
mos_478,tanimoto,true,false,2.363876342,250,0
mos_479,tanimoto,true,true,1.104390106,250,254
mos_480,tanimoto,true,true,2.024037189,250,1529
mos_481,tanimoto,true,false,0.755990344,250,0
mos_482,tanimoto,true,false,55.094103544,250,30000
mos_483,tanimoto,true,false,2.326900829,250,0
mos_484,tanimoto,true,false,2.407021598,250,0
mos_485,tanimoto,true,false,0.947270354,250,0
mos_486,tanimoto,true,false,1.53879818,250,0
mos_487,tanimoto,true,false,0.838243623,250,0
mos_488,tanimoto,true,false,1.523136515,250,0
mos_489,tanimoto,true,false,1.021696188,250,0
mos_490,tanimoto,true,false,0.851812886,250,0
mos_491,tanimoto,true,false,0.53844682,250,0
mos_492,tanimoto,true,false,0.638684629,250,0
mos_493,tanimoto,true,false,0.53289561,250,0
mos_494,tanimoto,true,false,83.413363574,250,30000
mos_495,tanimoto,true,false,1.008270997,250,0
mos_496,tanimoto,true,true,0.938479063,250,225
mos_497,tanimoto,true,false,0.738180741,250,0
mos_498,tanimoto,true,false,1.525077388,250,0
mos_499,tanimoto,true,false,1.296957009,250,0
mos_500,tanimoto,true,true,1.267406803,250,125
mos_1,none,false,false,1.379792196,250,0
mos_2,none,false,false,0.38152767,250,0
mos_3,none,false,false,1.519129999,250,0
mos_4,none,false,false,1.47020832,250,0
mos_5,none,false,true,4.921979666,250,608
mos_6,none,false,false,0.917122838,250,0
mos_7,none,false,false,1.006988997,250,0
mos_8,none,false,true,2.812597941,250,2065
mos_9,none,false,false,1.216052066,250,0
mos_10,none,false,false,0.926949501,250,0
mos_11,none,false,false,1.276285147,250,0
mos_12,none,false,false,0.511644801,250,0
mos_13,none,false,false,1.500038879,250,0
mos_14,none,false,false,0.952378515,250,0
mos_15,none,false,false,1.611716567,250,0
mos_16,none,false,true,0.96923997,250,623
mos_17,none,false,false,1.358157095,250,0
mos_18,none,false,false,57.799742297,250,30000
mos_19,none,false,false,0.32254989,250,0
mos_20,none,false,false,1.140673125,250,0
mos_21,none,false,false,1.129867705,250,0
mos_22,none,false,false,2.402300469,250,0
mos_23,none,false,true,5.113322889,250,1096
mos_24,none,false,false,1.413710494,250,0
mos_25,none,false,false,0.991615491,250,0
mos_26,none,false,false,0.536732304,250,0
mos_27,none,false,true,2.058840273,250,2065
mos_28,none,false,false,0.447738325,250,0
mos_29,none,false,false,0.973934601,250,0
mos_30,none,false,false,73.647341991,250,30000
mos_31,none,false,false,0.837715648,250,0
mos_32,none,false,false,1.666270997,250,0
mos_33,none,false,false,0.356480852,250,0
mos_34,none,false,true,6.642961734,250,2542
mos_35,none,false,false,1.490745463,250,0
mos_36,none,false,false,0.43409256,250,0
mos_37,none,false,true,1.168358228,250,603
mos_38,none,false,false,1.350808263,250,0
mos_39,none,false,false,3.632721327,250,0
mos_40,none,false,false,1.002585438,250,0
mos_41,none,false,false,0.884485098,250,0
mos_42,none,false,false,1.487842788,250,0
mos_43,none,false,true,5.843566089,250,1064
mos_44,none,false,false,1.487945737,250,0
mos_45,none,false,false,1.188715818,250,0
mos_46,none,false,false,1.870931277,250,0
mos_47,none,false,false,0.430722858,250,0
mos_48,none,false,false,1.417698737,250,0
mos_49,none,false,false,2.911015222,250,0
mos_50,none,false,false,1.15748689,250,0
mos_51,none,false,false,1.868406337,250,0
mos_52,none,false,false,1.235856394,250,0
mos_53,none,false,false,1.633142648,250,0
mos_54,none,false,false,1.394320634,250,0
mos_55,none,false,false,0.341124457,250,0
mos_56,none,false,false,1.296735115,250,0
mos_57,none,false,false,1.83314999,250,0
mos_58,none,false,false,1.542581856,250,0
mos_59,none,false,false,1.14998578,250,0
mos_60,none,false,false,1.351586226,250,0
mos_61,none,false,false,1.571212012,250,0
mos_62,none,false,false,1.490986818,250,0
mos_63,none,false,true,2.776886674,250,2065
mos_64,none,false,false,0.968000601,250,0
mos_65,none,false,false,1.799171477,250,0
mos_66,none,false,false,2.018177013,250,0
mos_67,none,false,false,2.003088753,250,0
mos_68,none,false,false,1.175108791,250,0
mos_69,none,false,false,1.033651045,250,0
mos_70,none,false,false,1.611922495,250,0
mos_71,none,false,true,1.569419874,250,2065
mos_72,none,false,false,1.425798904,250,0
mos_73,none,false,true,1.937382327,250,2065
mos_74,none,false,false,1.450393272,250,0
mos_75,none,false,false,1.388340982,250,0
mos_76,none,false,false,1.482238803,250,0
mos_77,none,false,false,1.522917515,250,0
mos_78,none,false,false,0.647020878,250,0
mos_79,none,false,false,1.615866334,250,0
mos_80,none,false,false,3.297596392,250,0
mos_81,none,false,false,1.431231468,250,0
mos_82,none,false,true,2.843730159,250,1013
mos_83,none,false,false,1.45543921,250,0
mos_84,none,false,false,1.573977438,250,0
mos_85,none,false,false,70.698452757,250,30000
mos_86,none,false,false,0.53110727,250,0
mos_87,none,false,false,0.467686459,250,0
mos_88,none,false,false,0.434149528,250,0
mos_89,none,false,false,1.557159921,250,0
mos_90,none,false,false,1.651471289,250,0
mos_91,none,false,false,1.304917871,250,0
mos_92,none,false,false,1.490323064,250,0
mos_93,none,false,false,2.846076504,250,0
mos_94,none,false,false,0.337349945,250,0
mos_95,none,false,false,1.37653461,250,0
mos_96,none,false,false,3.073160536,250,0
mos_97,none,false,false,0.976905249,250,0
mos_98,none,false,false,0.461041181,250,0
mos_99,none,false,false,1.479047549,250,0
mos_100,none,false,false,0.446421388,250,0
mos_101,none,false,false,0.667394016,250,0
mos_102,none,false,false,1.026881525,250,0
mos_103,none,false,false,1.396889086,250,0
mos_104,none,false,false,0.823531493,250,0
mos_105,none,false,false,0.363677953,250,0
mos_106,none,false,false,0.514397352,250,0
mos_107,none,false,false,1.476106285,250,0
mos_108,none,false,true,1.676107533,250,2073
mos_109,none,false,false,0.410109927,250,0
mos_110,none,false,false,1.293660158,250,0
mos_111,none,false,false,1.604252896,250,0
mos_112,none,false,true,5.473879989,250,1064
mos_113,none,false,false,1.416939236,250,0
mos_114,none,false,true,1.012084512,250,621
mos_115,none,false,false,1.472636487,250,0
mos_116,none,false,false,1.400721652,250,0
mos_117,none,false,false,1.311451069,250,0
mos_118,none,false,false,0.121668216,250,0
mos_119,none,false,false,0.515825276,250,0
mos_120,none,false,false,0.987502413,250,0
mos_121,none,false,false,1.016522611,250,0
mos_122,none,false,true,2.129545232,250,2065
mos_123,none,false,false,0.694394622,250,0
mos_124,none,false,true,2.709532666,250,2065
mos_125,none,false,false,5.61216641,250,0
mos_126,none,false,false,1.612277457,250,0
mos_127,none,false,false,1.659993768,250,0
mos_128,none,false,false,0.745562045,250,0
mos_129,none,false,true,5.071955236,250,1096
mos_130,none,false,false,0.985372037,250,0
mos_131,none,false,true,1.974743279,250,2065
mos_132,none,false,false,1.348163778,250,0
mos_133,none,false,false,1.599334866,250,0
mos_134,none,false,true,0.79056829,250,593
mos_135,none,false,false,0.555560322,250,0
mos_136,none,false,false,1.427201716,250,0
mos_137,none,false,false,3.813880614,250,0
mos_138,none,false,false,1.62290239,250,0
mos_139,none,false,false,1.355135754,250,0
mos_140,none,false,false,1.811516552,250,0
mos_141,none,false,false,0.251278053,250,0
mos_142,none,false,true,7.494253236,250,2542
mos_143,none,false,false,0.547144063,250,0
mos_144,none,false,false,0.261922599,250,0
mos_145,none,false,false,1.399453809,250,0
mos_146,none,false,false,0.94266701,250,0
mos_147,none,false,false,0.491215198,250,0
mos_148,none,false,false,1.415879586,250,0
mos_149,none,false,false,2.963738916,250,0
mos_150,none,false,false,0.995390246,250,0
mos_151,none,false,true,5.066786289,250,1092
mos_152,none,false,false,1.342700703,250,0
mos_153,none,false,false,2.046483508,250,0
mos_154,none,false,false,1.481974614,250,0
mos_155,none,false,false,2.195257615,250,0
mos_156,none,false,false,1.758857439,250,0
mos_157,none,false,false,1.376998986,250,0
mos_158,none,false,false,63.66618641,250,30000
mos_159,none,false,false,0.926430486,250,0
mos_160,none,false,false,1.313857387,250,0
mos_161,none,false,false,0.452661846,250,0
mos_162,none,false,false,1.6673395,250,0
mos_163,none,false,false,0.552903349,250,0
mos_164,none,false,false,0.427286465,250,0
mos_165,none,false,false,1.032777978,250,0
mos_166,none,false,false,0.495042635,250,0
mos_167,none,false,true,5.148709265,250,1064
mos_168,none,false,true,4.963791534,250,1092
mos_169,none,false,false,1.252399826,250,0
mos_170,none,false,false,0.389233448,250,0
mos_171,none,false,false,1.068720806,250,0
mos_172,none,false,false,2.83810421,250,0
mos_173,none,false,false,93.509227523,250,30000
mos_174,none,false,false,3.317766333,250,0
mos_175,none,false,false,0.460607917,250,0
mos_176,none,false,false,1.696536141,250,0
mos_177,none,false,false,1.963410288,250,0
mos_178,none,false,false,1.342751222,250,0
mos_179,none,false,false,1.783361245,250,0
mos_180,none,false,false,0.854704521,250,0
mos_181,none,false,false,1.981177078,250,0
mos_182,none,false,false,1.242267219,250,0
mos_183,none,false,false,3.135099736,250,0
mos_184,none,false,false,0.419607979,250,0
mos_185,none,false,false,0.782803711,250,0
mos_186,none,false,false,1.83052971,250,0
mos_187,none,false,false,1.371662287,250,0
mos_188,none,false,false,0.962639066,250,0
mos_189,none,false,false,0.41789959,250,0
mos_190,none,false,false,0.959425049,250,0
mos_191,none,false,false,0.516497861,250,0
mos_192,none,false,false,1.524768045,250,0
mos_193,none,false,false,0.543852823,250,0
mos_194,none,false,false,1.25472014,250,0
mos_195,none,false,true,1.007820382,250,621
mos_196,none,false,false,4.078459058,250,0
mos_197,none,false,false,81.83372154,250,30000
mos_198,none,false,false,1.496966464,250,0
mos_199,none,false,false,0.370281334,250,0
mos_200,none,false,false,0.539722897,250,0
mos_201,none,false,false,0.33515436,250,0
mos_202,none,false,false,1.041272808,250,0
mos_203,none,false,false,1.322133902,250,0
mos_204,none,false,false,0.972581371,250,0
mos_205,none,false,false,1.296754439,250,0
mos_206,none,false,false,0.455672409,250,0
mos_207,none,false,false,1.433625025,250,0
mos_208,none,false,false,1.364326799,250,0
mos_209,none,false,false,0.504348863,250,0
mos_210,none,false,false,0.726368738,250,0
mos_211,none,false,true,4.848445252,250,1092
mos_212,none,false,true,1.98256015,250,2065
mos_213,none,false,false,0.412900208,250,0
mos_214,none,false,false,1.168708533,250,0
mos_215,none,false,false,0.825256124,250,0
mos_216,none,false,false,1.545907356,250,0
mos_217,none,false,false,1.385952993,250,0
mos_218,none,false,false,0.598516867,250,0
mos_219,none,false,false,1.008143148,250,0
mos_220,none,false,false,1.618405969,250,0
mos_221,none,false,false,1.003770839,250,0
mos_222,none,false,false,1.5971908,250,0
mos_223,none,false,false,1.053151649,250,0
mos_224,none,false,false,1.467939589,250,0
mos_225,none,false,false,1.294563211,250,0
mos_226,none,false,true,2.136103617,250,465
mos_227,none,false,true,4.900486279,250,1092
mos_228,none,false,false,0.388851904,250,0
mos_229,none,false,false,2.42916103,250,0
mos_230,none,false,false,0.629334814,250,0
mos_231,none,false,true,2.012115924,250,2065
mos_232,none,false,true,2.449238761,250,927
mos_233,none,false,true,4.723034161,250,1094
mos_234,none,false,false,1.407428977,250,0
mos_235,none,false,false,0.364410635,250,0
mos_236,none,false,false,1.000431712,250,0
mos_237,none,false,false,1.527759905,250,0
mos_238,none,false,false,1.443726495,250,0
mos_239,none,false,false,0.655849472,250,0
mos_240,none,false,false,1.519806506,250,0
mos_241,none,false,false,1.356833022,250,0
mos_242,none,false,false,1.293374696,250,0
mos_243,none,false,false,0.96995834,250,0
mos_244,none,false,true,2.025977494,250,2065
mos_245,none,false,false,0.497610595,250,0
mos_246,none,false,false,0.972419131,250,0
mos_247,none,false,false,1.58557501,250,0
mos_248,none,false,true,2.622602625,250,2065
mos_249,none,false,false,0.969235348,250,0
mos_250,none,false,false,2.235145525,250,0
mos_251,none,false,false,0.408316665,250,0
mos_252,none,false,true,6.069969245,250,2542
mos_253,none,false,false,1.483330597,250,0
mos_254,none,false,false,1.335590616,250,0
mos_255,none,false,false,1.048500161,250,0
mos_256,none,false,true,2.491648224,250,2065
mos_257,none,false,false,1.486354839,250,0
mos_258,none,false,false,0.880205497,250,0
mos_259,none,false,false,0.431619599,250,0
mos_260,none,false,false,1.822533523,250,0
mos_261,none,false,false,1.300877087,250,0
mos_262,none,false,false,0.475942783,250,0
mos_263,none,false,true,1.600347032,250,2065
mos_264,none,false,false,0.928904475,250,0
mos_265,none,false,false,0.418217056,250,0
mos_266,none,false,false,0.916310594,250,0
mos_267,none,false,false,0.454555113,250,0
mos_268,none,false,false,0.334554254,250,0
mos_269,none,false,false,1.403856531,250,0
mos_270,none,false,false,0.376353576,250,0
mos_271,none,false,false,2.141349466,250,0
mos_272,none,false,false,1.418665917,250,0
mos_273,none,false,false,0.621483082,250,0
mos_274,none,false,false,1.459353668,250,0
mos_275,none,false,true,7.506788398,250,5390
mos_276,none,false,false,67.271858669,250,30000
mos_277,none,false,false,1.341365663,250,0
mos_278,none,false,false,1.490423482,250,0
mos_279,none,false,false,0.396587687,250,0
mos_280,none,false,false,1.298771642,250,0
mos_281,none,false,false,1.178793584,250,0
mos_282,none,false,false,1.972666375,250,0
mos_283,none,false,false,1.33716377,250,0
mos_284,none,false,false,0.973461587,250,0
mos_285,none,false,false,1.603644467,250,0
mos_286,none,false,false,1.395106225,250,0
mos_287,none,false,true,1.666890618,250,2065
mos_288,none,false,false,0.458047988,250,0
mos_289,none,false,false,3.985669421,250,0
mos_290,none,false,false,1.692339867,250,0
mos_291,none,false,false,0.490719647,250,0
mos_292,none,false,true,5.077205725,250,1064
mos_293,none,false,false,1.20143177,250,0
mos_294,none,false,false,1.052033671,250,0
mos_295,none,false,false,0.421941758,250,0
mos_296,none,false,false,1.036667249,250,0
mos_297,none,false,false,0.995844892,250,0
mos_298,none,false,false,0.366474379,250,0
mos_299,none,false,false,0.293923307,250,0
mos_300,none,false,false,1.425296812,250,0
mos_301,none,false,true,5.226038851,250,1092
mos_302,none,false,false,1.474857117,250,0
mos_303,none,false,false,0.32813152,250,0
mos_304,none,false,false,1.368812232,250,0
mos_305,none,false,true,4.399957992,250,1092
mos_306,none,false,true,8.414373123,250,5390
mos_307,none,false,false,1.581134614,250,0
mos_308,none,false,false,0.441685311,250,0
mos_309,none,false,true,1.640412424,250,2065
mos_310,none,false,false,0.498973501,250,0
mos_311,none,false,false,1.581095325,250,0
mos_312,none,false,false,3.732481568,250,0
mos_313,none,false,false,0.408068424,250,0
mos_314,none,false,false,1.003804404,250,0
mos_315,none,false,false,63.67498922,250,30000
mos_316,none,false,false,3.005207581,250,0
mos_317,none,false,false,1.412388489,250,0
mos_318,none,false,false,1.389043621,250,0
mos_319,none,false,false,1.378738062,250,0
mos_320,none,false,false,0.976923776,250,0
mos_321,none,false,true,5.326087995,250,1092
mos_322,none,false,false,0.361559936,250,0
mos_323,none,false,false,1.376832977,250,0
mos_324,none,false,false,0.544903675,250,0
mos_325,none,false,false,1.522066394,250,0
mos_326,none,false,false,2.657489948,250,0
mos_327,none,false,false,0.783684847,250,0
mos_328,none,false,false,1.133677197,250,0
mos_329,none,false,false,0.536357305,250,0
mos_330,none,false,false,1.915248552,250,0
mos_331,none,false,false,1.272546739,250,0
mos_332,none,false,false,0.543626885,250,0
mos_333,none,false,false,0.853997509,250,0
mos_334,none,false,false,1.488782615,250,0
mos_335,none,false,false,0.395197329,250,0
mos_336,none,false,false,0.395218851,250,0
mos_337,none,false,false,3.654762213,250,0
mos_338,none,false,false,1.415636534,250,0
mos_339,none,false,false,0.391983881,250,0
mos_340,none,false,false,2.992483835,250,0
mos_341,none,false,true,1.735480719,250,2065
mos_342,none,false,false,0.477828678,250,0
mos_343,none,false,false,1.499993933,250,0
mos_344,none,false,false,0.842959354,250,0
mos_345,none,false,false,0.304722257,250,0
mos_346,none,false,false,0.954142443,250,0
mos_347,none,false,false,0.444101712,250,0
mos_348,none,false,false,1.444241156,250,0
mos_349,none,false,false,0.961356309,250,0
mos_350,none,false,false,0.484348895,250,0
mos_351,none,false,true,9.290413257,250,5390
mos_352,none,false,false,0.969647065,250,0
mos_353,none,false,false,0.854372134,250,0
mos_354,none,false,false,70.182489193,250,30000
mos_355,none,false,false,1.643202807,250,0
mos_356,none,false,false,2.377510531,250,0
mos_357,none,false,false,1.445175427,250,0
mos_358,none,false,false,1.402907314,250,0
mos_359,none,false,true,2.253879878,250,2065
mos_360,none,false,false,0.853365374,250,0
mos_361,none,false,false,0.944866942,250,0
mos_362,none,false,false,0.930277873,250,0
mos_363,none,false,false,1.483912047,250,0
mos_364,none,false,false,0.42648259,250,0
mos_365,none,false,false,0.336530533,250,0
mos_366,none,false,false,0.530152923,250,0
mos_367,none,false,false,1.405493181,250,0
mos_368,none,false,false,0.422266951,250,0
mos_369,none,false,true,6.362612813,250,1092
mos_370,none,false,false,0.957525715,250,0
mos_371,none,false,false,0.403438473,250,0
mos_372,none,false,false,0.823064654,250,0
mos_373,none,false,true,11.720387188,250,5390
mos_374,none,false,false,0.483905883,250,0
mos_375,none,false,false,0.402078869,250,0
mos_376,none,false,false,1.159392943,250,0
mos_377,none,false,false,0.366310338,250,0
mos_378,none,false,false,1.081142966,250,0
mos_379,none,false,true,6.904619534,250,1092
mos_380,none,false,false,1.832685465,250,0
mos_381,none,false,true,2.158908428,250,2065
mos_382,none,false,true,4.269530618,250,2065
mos_383,none,false,true,9.629458342,250,5390
mos_384,none,false,false,1.392528739,250,0
mos_385,none,false,false,0.418969681,250,0
mos_386,none,false,false,2.809993312,250,0
mos_387,none,false,false,0.378952048,250,0
mos_388,none,false,false,108.774465258,250,30000
mos_389,none,false,false,1.122836601,250,0
mos_390,none,false,true,2.430107552,250,585
mos_391,none,false,false,1.398749463,250,0
mos_392,none,false,false,1.006104663,250,0
mos_393,none,false,false,1.697344375,250,0
mos_394,none,false,true,7.732749411,250,604
mos_395,none,false,false,1.314255694,250,0
mos_396,none,false,false,0.720680754,250,0
mos_397,none,false,false,0.436567367,250,0
mos_398,none,false,false,1.357507111,250,0
mos_399,none,false,false,1.359310891,250,0
mos_400,none,false,true,6.126700118,250,608
mos_401,none,false,false,1.295107381,250,0
mos_402,none,false,false,1.461034559,250,0
mos_403,none,false,false,0.963433201,250,0
mos_404,none,false,true,6.900918461,250,1094
mos_405,none,false,false,0.350175787,250,0
mos_406,none,false,false,0.43163483,250,0
mos_407,none,false,false,1.215394529,250,0
mos_408,none,false,false,0.819625399,250,0
mos_409,none,false,false,1.361389116,250,0
mos_410,none,false,false,1.462876376,250,0
mos_411,none,false,false,1.530087503,250,0
mos_412,none,false,false,0.969152642,250,0
mos_413,none,false,false,1.345023623,250,0
mos_414,none,false,false,2.279399039,250,0
mos_415,none,false,false,1.040454647,250,0
mos_416,none,false,false,0.527378596,250,0
mos_417,none,false,false,0.498826689,250,0
mos_418,none,false,false,0.860544321,250,0
mos_419,none,false,false,1.730587999,250,0
mos_420,none,false,false,0.576655707,250,0
mos_421,none,false,false,1.564993286,250,0
mos_422,none,false,false,1.865648444,250,0
mos_423,none,false,false,1.615304159,250,0
mos_424,none,false,true,1.620944447,250,950
mos_425,none,false,false,0.966185603,250,0
mos_426,none,false,false,0.630808725,250,0
mos_427,none,false,false,1.483733746,250,0
mos_428,none,false,true,6.161783153,250,1094
mos_429,none,false,false,1.467217536,250,0
mos_430,none,false,true,5.674233422,250,1092
mos_431,none,false,false,0.607694039,250,0
mos_432,none,false,false,2.0780279,250,0
mos_433,none,false,false,0.83880126,250,0
mos_434,none,false,false,1.380048829,250,0
mos_435,none,false,false,0.945345239,250,0
mos_436,none,false,false,1.030513461,250,0
mos_437,none,false,false,0.473421719,250,0
mos_438,none,false,false,0.397129737,250,0
mos_439,none,false,false,1.506100156,250,0
mos_440,none,false,true,2.362623688,250,2065
mos_441,none,false,true,2.984127529,250,950
mos_442,none,false,false,3.169450637,250,0
mos_443,none,false,false,0.531274535,250,0
mos_444,none,false,false,1.43529163,250,0
mos_445,none,false,false,0.409419633,250,0
mos_446,none,false,false,1.610682916,250,0
mos_447,none,false,true,1.99559008,250,2065
mos_448,none,false,false,0.607372262,250,0
mos_449,none,false,false,0.838794709,250,0
mos_450,none,false,false,1.365080146,250,0
mos_451,none,false,false,0.632865023,250,0
mos_452,none,false,false,0.950451356,250,0
mos_453,none,false,false,1.64485302,250,0
mos_454,none,false,false,3.208133784,250,0
mos_455,none,false,true,5.923307809,250,1092
mos_456,none,false,false,1.443620378,250,0
mos_457,none,false,false,1.51244331,250,0
mos_458,none,false,false,0.444015754,250,0
mos_459,none,false,false,1.593688778,250,0
mos_460,none,false,false,1.574670793,250,0
mos_461,none,false,false,0.830491865,250,0
mos_462,none,false,false,1.091225529,250,0
mos_463,none,false,false,0.425675888,250,0
mos_464,none,false,false,1.33337776,250,0
mos_465,none,false,false,0.616540233,250,0
mos_466,none,false,false,1.328139757,250,0
mos_467,none,false,false,0.650235662,250,0
mos_468,none,false,false,4.389783267,250,0
mos_469,none,false,false,1.595463766,250,0
mos_470,none,false,true,6.4676468,250,1362
mos_471,none,false,false,84.270104709,250,30000
mos_472,none,false,false,0.630351835,250,0
mos_473,none,false,false,1.047083996,250,0
mos_474,none,false,true,1.53713899,250,2065
mos_475,none,false,false,0.893543198,250,0
mos_476,none,false,false,1.412107323,250,0
mos_477,none,false,false,1.49816967,250,0
mos_478,none,false,false,1.674013335,250,0
mos_479,none,false,true,1.308894984,250,927
mos_480,none,false,false,1.613766766,250,0
mos_481,none,false,false,1.006755202,250,0
mos_482,none,false,false,55.493151568,250,30000
mos_483,none,false,false,1.652193961,250,0
mos_484,none,false,true,4.697618067,250,1092
mos_485,none,false,false,1.449459058,250,0
mos_486,none,false,false,1.185646123,250,0
mos_487,none,false,false,1.335280338,250,0
mos_488,none,false,false,1.288139252,250,0
mos_489,none,false,false,1.20228741,250,0
mos_490,none,false,false,0.980502903,250,0
mos_491,none,false,false,0.415132653,250,0
mos_492,none,false,true,5.076647311,250,1096
mos_493,none,false,false,0.48247376,250,0
mos_494,none,false,false,59.440050706,250,30000
mos_495,none,false,false,0.994012177,250,0
mos_496,none,false,false,1.352120815,250,0
mos_497,none,false,false,1.814663403,250,0
mos_498,none,false,false,0.723958062,250,0
mos_499,none,false,true,3.639060999,250,1092
mos_500,none,false,false,0.856322572,250,0
mos_1,tanimoto,false,false,1.379792196,250,0
mos_2,tanimoto,false,false,0.38152767,250,0
mos_3,tanimoto,false,false,1.519129999,250,0
mos_4,tanimoto,false,false,1.47020832,250,0
mos_5,tanimoto,false,true,5.616144613,250,608
mos_6,tanimoto,false,false,0.917122838,250,0
mos_7,tanimoto,false,false,1.006988997,250,0
mos_8,tanimoto,false,true,1.584173993,250,2109
mos_9,tanimoto,false,false,1.216052066,250,0
mos_10,tanimoto,false,false,0.926949501,250,0
mos_11,tanimoto,false,false,1.276285147,250,0
mos_12,tanimoto,false,false,0.511644801,250,0
mos_13,tanimoto,false,false,1.500038879,250,0
mos_14,tanimoto,false,false,0.952378515,250,0
mos_15,tanimoto,false,false,1.611716567,250,0
mos_16,tanimoto,false,true,1.302861052,250,623
mos_17,tanimoto,false,false,1.358157095,250,0
mos_18,tanimoto,false,false,54.990057486,250,30000
mos_19,tanimoto,false,false,0.32254989,250,0
mos_20,tanimoto,false,false,1.140673125,250,0
mos_21,tanimoto,false,false,1.129867705,250,0
mos_22,tanimoto,false,false,2.402300469,250,0
mos_23,tanimoto,false,true,6.91736952,250,1096
mos_24,tanimoto,false,false,1.413710494,250,0
mos_25,tanimoto,false,false,0.991615491,250,0
mos_26,tanimoto,false,false,0.536732304,250,0
mos_27,tanimoto,false,true,2.915168792,250,2109
mos_28,tanimoto,false,false,0.447738325,250,0
mos_29,tanimoto,false,false,0.973934601,250,0
mos_30,tanimoto,false,false,79.321516222,250,30000
mos_31,tanimoto,false,false,0.837715648,250,0
mos_32,tanimoto,false,false,1.666270997,250,0
mos_33,tanimoto,false,false,0.356480852,250,0
mos_34,tanimoto,false,true,5.866297536,250,2632
mos_35,tanimoto,false,false,1.490745463,250,0
mos_36,tanimoto,false,false,0.43409256,250,0
mos_37,tanimoto,false,true,1.204418047,250,603
mos_38,tanimoto,false,false,1.350808263,250,0
mos_39,tanimoto,false,false,3.632721327,250,0
mos_40,tanimoto,false,false,1.002585438,250,0
mos_41,tanimoto,false,false,0.884485098,250,0
mos_42,tanimoto,false,false,1.487842788,250,0
mos_43,tanimoto,false,true,4.712132309,250,1072
mos_44,tanimoto,false,false,1.487945737,250,0
mos_45,tanimoto,false,false,1.188715818,250,0
mos_46,tanimoto,false,false,1.870931277,250,0
mos_47,tanimoto,false,false,0.430722858,250,0
mos_48,tanimoto,false,false,1.417698737,250,0
mos_49,tanimoto,false,false,2.911015222,250,0
mos_50,tanimoto,false,false,1.15748689,250,0
mos_51,tanimoto,false,false,1.868406337,250,0
mos_52,tanimoto,false,false,1.235856394,250,0
mos_53,tanimoto,false,false,1.633142648,250,0
mos_54,tanimoto,false,false,1.394320634,250,0
mos_55,tanimoto,false,false,0.341124457,250,0
mos_56,tanimoto,false,false,1.296735115,250,0
mos_57,tanimoto,false,false,1.83314999,250,0
mos_58,tanimoto,false,false,1.542581856,250,0
mos_59,tanimoto,false,false,1.14998578,250,0
mos_60,tanimoto,false,false,1.351586226,250,0
mos_61,tanimoto,false,false,1.571212012,250,0
mos_62,tanimoto,false,false,1.490986818,250,0
mos_63,tanimoto,false,true,2.768589467,250,2081
mos_64,tanimoto,false,false,0.968000601,250,0
mos_65,tanimoto,false,false,1.799171477,250,0
mos_66,tanimoto,false,false,2.018177013,250,0
mos_67,tanimoto,false,false,2.003088753,250,0
mos_68,tanimoto,false,false,1.175108791,250,0
mos_69,tanimoto,false,false,1.033651045,250,0
mos_70,tanimoto,false,false,1.611922495,250,0
mos_71,tanimoto,false,true,1.624843511,250,2111
mos_72,tanimoto,false,false,1.425798904,250,0
mos_73,tanimoto,false,true,1.537637368,250,2081
mos_74,tanimoto,false,false,1.450393272,250,0
mos_75,tanimoto,false,false,1.388340982,250,0
mos_76,tanimoto,false,false,1.482238803,250,0
mos_77,tanimoto,false,false,1.522917515,250,0
mos_78,tanimoto,false,false,0.647020878,250,0
mos_79,tanimoto,false,false,1.615866334,250,0
mos_80,tanimoto,false,false,3.297596392,250,0
mos_81,tanimoto,false,false,1.431231468,250,0
mos_82,tanimoto,false,true,1.982388896,250,1021
mos_83,tanimoto,false,false,1.45543921,250,0
mos_84,tanimoto,false,false,1.573977438,250,0
mos_85,tanimoto,false,false,66.815083578,250,30000
mos_86,tanimoto,false,false,0.53110727,250,0
mos_87,tanimoto,false,false,0.467686459,250,0
mos_88,tanimoto,false,false,0.434149528,250,0
mos_89,tanimoto,false,false,1.557159921,250,0
mos_90,tanimoto,false,false,1.651471289,250,0
mos_91,tanimoto,false,false,1.304917871,250,0
mos_92,tanimoto,false,false,1.490323064,250,0
mos_93,tanimoto,false,false,2.846076504,250,0
mos_94,tanimoto,false,false,0.337349945,250,0
mos_95,tanimoto,false,false,1.37653461,250,0
mos_96,tanimoto,false,false,3.073160536,250,0
mos_97,tanimoto,false,false,0.976905249,250,0
mos_98,tanimoto,false,false,0.461041181,250,0
mos_99,tanimoto,false,false,1.479047549,250,0
mos_100,tanimoto,false,false,0.446421388,250,0
mos_101,tanimoto,false,false,0.667394016,250,0
mos_102,tanimoto,false,false,1.026881525,250,0
mos_103,tanimoto,false,false,1.396889086,250,0
mos_104,tanimoto,false,false,0.823531493,250,0
mos_105,tanimoto,false,false,0.363677953,250,0
mos_106,tanimoto,false,false,0.514397352,250,0
mos_107,tanimoto,false,false,1.476106285,250,0
mos_108,tanimoto,false,true,1.589856254,250,2083
mos_109,tanimoto,false,false,0.410109927,250,0
mos_110,tanimoto,false,false,1.293660158,250,0
mos_111,tanimoto,false,false,1.604252896,250,0
mos_112,tanimoto,false,true,4.804943248,250,1072
mos_113,tanimoto,false,false,1.416939236,250,0
mos_114,tanimoto,false,true,0.992967725,250,621
mos_115,tanimoto,false,false,1.472636487,250,0
mos_116,tanimoto,false,false,1.400721652,250,0
mos_117,tanimoto,false,false,1.311451069,250,0
mos_118,tanimoto,false,false,0.121668216,250,0
mos_119,tanimoto,false,false,0.515825276,250,0
mos_120,tanimoto,false,false,0.987502413,250,0
mos_121,tanimoto,false,false,1.016522611,250,0
mos_122,tanimoto,false,true,3.020838696,250,2109
mos_123,tanimoto,false,false,0.694394622,250,0
mos_124,tanimoto,false,true,1.633469319,250,2081
mos_125,tanimoto,false,false,5.61216641,250,0
mos_126,tanimoto,false,false,1.612277457,250,0
mos_127,tanimoto,false,false,1.659993768,250,0
mos_128,tanimoto,false,false,0.745562045,250,0
mos_129,tanimoto,false,true,4.567653543,250,1096
mos_130,tanimoto,false,false,0.985372037,250,0
mos_131,tanimoto,false,true,1.953419755,250,2117
mos_132,tanimoto,false,false,1.348163778,250,0
mos_133,tanimoto,false,false,1.599334866,250,0
mos_134,tanimoto,false,true,1.840314613,250,593
mos_135,tanimoto,false,false,0.555560322,250,0
mos_136,tanimoto,false,false,1.427201716,250,0
mos_137,tanimoto,false,false,3.813880614,250,0
mos_138,tanimoto,false,false,1.62290239,250,0
mos_139,tanimoto,false,false,1.355135754,250,0
mos_140,tanimoto,false,false,1.811516552,250,0
mos_141,tanimoto,false,false,0.251278053,250,0
mos_142,tanimoto,false,true,6.098739473,250,2604
mos_143,tanimoto,false,false,0.547144063,250,0
mos_144,tanimoto,false,false,0.261922599,250,0
mos_145,tanimoto,false,false,1.399453809,250,0
mos_146,tanimoto,false,false,0.94266701,250,0
mos_147,tanimoto,false,false,0.491215198,250,0
mos_148,tanimoto,false,false,1.415879586,250,0
mos_149,tanimoto,false,false,2.963738916,250,0
mos_150,tanimoto,false,false,0.995390246,250,0
mos_151,tanimoto,false,true,6.126603114,250,1096
mos_152,tanimoto,false,false,1.342700703,250,0
mos_153,tanimoto,false,false,2.046483508,250,0
mos_154,tanimoto,false,false,1.481974614,250,0
mos_155,tanimoto,false,false,2.195257615,250,0
mos_156,tanimoto,false,false,1.758857439,250,0
mos_157,tanimoto,false,false,1.376998986,250,0
mos_158,tanimoto,false,false,56.032368838,250,30000
mos_159,tanimoto,false,false,0.926430486,250,0
mos_160,tanimoto,false,false,1.313857387,250,0
mos_161,tanimoto,false,false,0.452661846,250,0
mos_162,tanimoto,false,false,1.6673395,250,0
mos_163,tanimoto,false,false,0.552903349,250,0
mos_164,tanimoto,false,false,0.427286465,250,0
mos_165,tanimoto,false,false,1.032777978,250,0
mos_166,tanimoto,false,false,0.495042635,250,0
mos_167,tanimoto,false,true,3.226299288,250,1080
mos_168,tanimoto,false,true,6.234517482,250,1096
mos_169,tanimoto,false,false,1.252399826,250,0
mos_170,tanimoto,false,false,0.389233448,250,0
mos_171,tanimoto,false,false,1.068720806,250,0
mos_172,tanimoto,false,false,2.83810421,250,0
mos_173,tanimoto,false,false,81.354929325,250,30000
mos_174,tanimoto,false,false,3.317766333,250,0
mos_175,tanimoto,false,false,0.460607917,250,0
mos_176,tanimoto,false,false,1.696536141,250,0
mos_177,tanimoto,false,false,1.963410288,250,0
mos_178,tanimoto,false,false,1.342751222,250,0
mos_179,tanimoto,false,false,1.783361245,250,0
mos_180,tanimoto,false,false,0.854704521,250,0
mos_181,tanimoto,false,false,1.981177078,250,0
mos_182,tanimoto,false,false,1.242267219,250,0
mos_183,tanimoto,false,false,3.135099736,250,0
mos_184,tanimoto,false,false,0.419607979,250,0
mos_185,tanimoto,false,false,0.782803711,250,0
mos_186,tanimoto,false,false,1.83052971,250,0
mos_187,tanimoto,false,false,1.371662287,250,0
mos_188,tanimoto,false,false,0.962639066,250,0
mos_189,tanimoto,false,false,0.41789959,250,0
mos_190,tanimoto,false,false,0.959425049,250,0
mos_191,tanimoto,false,false,0.516497861,250,0
mos_192,tanimoto,false,false,1.524768045,250,0
mos_193,tanimoto,false,false,0.543852823,250,0
mos_194,tanimoto,false,false,1.25472014,250,0
mos_195,tanimoto,false,true,0.966382391,250,621
mos_196,tanimoto,false,false,4.078459058,250,0
mos_197,tanimoto,false,false,84.239386236,250,30000
mos_198,tanimoto,false,false,1.496966464,250,0
mos_199,tanimoto,false,false,0.370281334,250,0
mos_200,tanimoto,false,false,0.539722897,250,0
mos_201,tanimoto,false,false,0.33515436,250,0
mos_202,tanimoto,false,false,1.041272808,250,0
mos_203,tanimoto,false,false,1.322133902,250,0
mos_204,tanimoto,false,false,0.972581371,250,0
mos_205,tanimoto,false,false,1.296754439,250,0
mos_206,tanimoto,false,false,0.455672409,250,0
mos_207,tanimoto,false,false,1.433625025,250,0
mos_208,tanimoto,false,false,1.364326799,250,0
mos_209,tanimoto,false,false,0.504348863,250,0
mos_210,tanimoto,false,false,0.726368738,250,0
mos_211,tanimoto,false,true,4.99755351,250,1096
mos_212,tanimoto,false,true,2.055798873,250,2081
mos_213,tanimoto,false,false,0.412900208,250,0
mos_214,tanimoto,false,false,1.168708533,250,0
mos_215,tanimoto,false,false,0.825256124,250,0
mos_216,tanimoto,false,false,1.545907356,250,0
mos_217,tanimoto,false,false,1.385952993,250,0
mos_218,tanimoto,false,false,0.598516867,250,0
mos_219,tanimoto,false,false,1.008143148,250,0
mos_220,tanimoto,false,false,1.618405969,250,0
mos_221,tanimoto,false,false,1.003770839,250,0
mos_222,tanimoto,false,false,1.5971908,250,0
mos_223,tanimoto,false,false,1.053151649,250,0
mos_224,tanimoto,false,false,1.467939589,250,0
mos_225,tanimoto,false,false,1.294563211,250,0
mos_226,tanimoto,false,true,2.210893991,250,465
mos_227,tanimoto,false,true,6.406306111,250,1096
mos_228,tanimoto,false,false,0.388851904,250,0
mos_229,tanimoto,false,false,2.42916103,250,0
mos_230,tanimoto,false,false,0.629334814,250,0
mos_231,tanimoto,false,true,1.688771387,250,2115
mos_232,tanimoto,false,true,2.837093885,250,927
mos_233,tanimoto,false,true,4.740054308,250,1096
mos_234,tanimoto,false,false,1.407428977,250,0
mos_235,tanimoto,false,false,0.364410635,250,0
mos_236,tanimoto,false,false,1.000431712,250,0
mos_237,tanimoto,false,false,1.527759905,250,0
mos_238,tanimoto,false,false,1.443726495,250,0
mos_239,tanimoto,false,false,0.655849472,250,0
mos_240,tanimoto,false,false,1.519806506,250,0
mos_241,tanimoto,false,false,1.356833022,250,0
mos_242,tanimoto,false,false,1.293374696,250,0
mos_243,tanimoto,false,false,0.96995834,250,0
mos_244,tanimoto,false,true,2.066664906,250,2125
mos_245,tanimoto,false,false,0.497610595,250,0
mos_246,tanimoto,false,false,0.972419131,250,0
mos_247,tanimoto,false,false,1.58557501,250,0
mos_248,tanimoto,false,true,2.651043926,250,2117
mos_249,tanimoto,false,false,0.969235348,250,0
mos_250,tanimoto,false,false,2.235145525,250,0
mos_251,tanimoto,false,false,0.408316665,250,0
mos_252,tanimoto,false,true,7.087636192,250,2612
mos_253,tanimoto,false,false,1.483330597,250,0
mos_254,tanimoto,false,false,1.335590616,250,0
mos_255,tanimoto,false,false,1.048500161,250,0
mos_256,tanimoto,false,true,3.261669546,250,2109
mos_257,tanimoto,false,false,1.486354839,250,0
mos_258,tanimoto,false,false,0.880205497,250,0
mos_259,tanimoto,false,false,0.431619599,250,0
mos_260,tanimoto,false,false,1.822533523,250,0
mos_261,tanimoto,false,false,1.300877087,250,0
mos_262,tanimoto,false,false,0.475942783,250,0
mos_263,tanimoto,false,true,2.017352649,250,2083
mos_264,tanimoto,false,false,0.928904475,250,0
mos_265,tanimoto,false,false,0.418217056,250,0
mos_266,tanimoto,false,false,0.916310594,250,0
mos_267,tanimoto,false,false,0.454555113,250,0
mos_268,tanimoto,false,false,0.334554254,250,0
mos_269,tanimoto,false,false,1.403856531,250,0
mos_270,tanimoto,false,false,0.376353576,250,0
mos_271,tanimoto,false,false,2.141349466,250,0
mos_272,tanimoto,false,false,1.418665917,250,0
mos_273,tanimoto,false,false,0.621483082,250,0
mos_274,tanimoto,false,false,1.459353668,250,0
mos_275,tanimoto,false,true,11.38700866,250,5670
mos_276,tanimoto,false,false,83.763957751,250,30000
mos_277,tanimoto,false,false,1.341365663,250,0
mos_278,tanimoto,false,false,1.490423482,250,0
mos_279,tanimoto,false,false,0.396587687,250,0
mos_280,tanimoto,false,false,1.298771642,250,0
mos_281,tanimoto,false,false,1.178793584,250,0
mos_282,tanimoto,false,false,1.972666375,250,0
mos_283,tanimoto,false,false,1.33716377,250,0
mos_284,tanimoto,false,false,0.973461587,250,0
mos_285,tanimoto,false,false,1.603644467,250,0
mos_286,tanimoto,false,false,1.395106225,250,0
mos_287,tanimoto,false,true,1.678957423,250,2081
mos_288,tanimoto,false,false,0.458047988,250,0
mos_289,tanimoto,false,false,3.985669421,250,0
mos_290,tanimoto,false,false,1.692339867,250,0
mos_291,tanimoto,false,false,0.490719647,250,0
mos_292,tanimoto,false,true,5.293487767,250,1082
mos_293,tanimoto,false,false,1.20143177,250,0
mos_294,tanimoto,false,false,1.052033671,250,0
mos_295,tanimoto,false,false,0.421941758,250,0
mos_296,tanimoto,false,false,1.036667249,250,0
mos_297,tanimoto,false,false,0.995844892,250,0
mos_298,tanimoto,false,false,0.366474379,250,0
mos_299,tanimoto,false,false,0.293923307,250,0
mos_300,tanimoto,false,false,1.425296812,250,0
mos_301,tanimoto,false,true,5.376794666,250,1096
mos_302,tanimoto,false,false,1.474857117,250,0
mos_303,tanimoto,false,false,0.32813152,250,0
mos_304,tanimoto,false,false,1.368812232,250,0
mos_305,tanimoto,false,true,5.162024674,250,1096
mos_306,tanimoto,false,true,9.750935393,250,5744
mos_307,tanimoto,false,false,1.581134614,250,0
mos_308,tanimoto,false,false,0.441685311,250,0
mos_309,tanimoto,false,true,3.589859004,250,2115
mos_310,tanimoto,false,false,0.498973501,250,0
mos_311,tanimoto,false,false,1.581095325,250,0
mos_312,tanimoto,false,false,3.732481568,250,0
mos_313,tanimoto,false,false,0.408068424,250,0
mos_314,tanimoto,false,false,1.003804404,250,0
mos_315,tanimoto,false,false,72.493576312,250,30000
mos_316,tanimoto,false,false,3.005207581,250,0
mos_317,tanimoto,false,false,1.412388489,250,0
mos_318,tanimoto,false,false,1.389043621,250,0
mos_319,tanimoto,false,false,1.378738062,250,0
mos_320,tanimoto,false,false,0.976923776,250,0
mos_321,tanimoto,false,true,7.317852213,250,1096
mos_322,tanimoto,false,false,0.361559936,250,0
mos_323,tanimoto,false,false,1.376832977,250,0
mos_324,tanimoto,false,false,0.544903675,250,0
mos_325,tanimoto,false,false,1.522066394,250,0
mos_326,tanimoto,false,false,2.657489948,250,0
mos_327,tanimoto,false,false,0.783684847,250,0
mos_328,tanimoto,false,false,1.133677197,250,0
mos_329,tanimoto,false,false,0.536357305,250,0
mos_330,tanimoto,false,false,1.915248552,250,0
mos_331,tanimoto,false,false,1.272546739,250,0
mos_332,tanimoto,false,false,0.543626885,250,0
mos_333,tanimoto,false,false,0.853997509,250,0
mos_334,tanimoto,false,false,1.488782615,250,0
mos_335,tanimoto,false,false,0.395197329,250,0
mos_336,tanimoto,false,false,0.395218851,250,0
mos_337,tanimoto,false,false,3.654762213,250,0
mos_338,tanimoto,false,false,1.415636534,250,0
mos_339,tanimoto,false,false,0.391983881,250,0
mos_340,tanimoto,false,false,2.992483835,250,0
mos_341,tanimoto,false,true,2.573923141,250,2081
mos_342,tanimoto,false,false,0.477828678,250,0
mos_343,tanimoto,false,false,1.499993933,250,0
mos_344,tanimoto,false,false,0.842959354,250,0
mos_345,tanimoto,false,false,0.304722257,250,0
mos_346,tanimoto,false,false,0.954142443,250,0
mos_347,tanimoto,false,false,0.444101712,250,0
mos_348,tanimoto,false,false,1.444241156,250,0
mos_349,tanimoto,false,false,0.961356309,250,0
mos_350,tanimoto,false,false,0.484348895,250,0
mos_351,tanimoto,false,true,8.753267174,250,5670
mos_352,tanimoto,false,false,0.969647065,250,0
mos_353,tanimoto,false,false,0.854372134,250,0
mos_354,tanimoto,false,false,69.114360861,250,30000
mos_355,tanimoto,false,false,1.643202807,250,0
mos_356,tanimoto,false,false,2.377510531,250,0
mos_357,tanimoto,false,false,1.445175427,250,0
mos_358,tanimoto,false,false,1.402907314,250,0
mos_359,tanimoto,false,true,1.870947075,250,2109
mos_360,tanimoto,false,false,0.853365374,250,0
mos_361,tanimoto,false,false,0.944866942,250,0
mos_362,tanimoto,false,false,0.930277873,250,0
mos_363,tanimoto,false,false,1.483912047,250,0
mos_364,tanimoto,false,false,0.42648259,250,0
mos_365,tanimoto,false,false,0.336530533,250,0
mos_366,tanimoto,false,false,0.530152923,250,0
mos_367,tanimoto,false,false,1.405493181,250,0
mos_368,tanimoto,false,false,0.422266951,250,0
mos_369,tanimoto,false,true,4.76521668,250,1096
mos_370,tanimoto,false,false,0.957525715,250,0
mos_371,tanimoto,false,false,0.403438473,250,0
mos_372,tanimoto,false,false,0.823064654,250,0
mos_373,tanimoto,false,true,8.844109117,250,5666
mos_374,tanimoto,false,false,0.483905883,250,0
mos_375,tanimoto,false,false,0.402078869,250,0
mos_376,tanimoto,false,false,1.159392943,250,0
mos_377,tanimoto,false,false,0.366310338,250,0
mos_378,tanimoto,false,false,1.081142966,250,0
mos_379,tanimoto,false,true,4.725912601,250,1096
mos_380,tanimoto,false,false,1.832685465,250,0
mos_381,tanimoto,false,true,2.007831043,250,2115
mos_382,tanimoto,false,true,2.554909838,250,2125
mos_383,tanimoto,false,true,7.750630693,250,5658
mos_384,tanimoto,false,false,1.392528739,250,0
mos_385,tanimoto,false,false,0.418969681,250,0
mos_386,tanimoto,false,false,2.809993312,250,0
mos_387,tanimoto,false,false,0.378952048,250,0
mos_388,tanimoto,false,false,64.835698721,250,30000
mos_389,tanimoto,false,false,1.122836601,250,0
mos_390,tanimoto,false,true,0.853577548,250,585
mos_391,tanimoto,false,false,1.398749463,250,0
mos_392,tanimoto,false,false,1.006104663,250,0
mos_393,tanimoto,false,false,1.697344375,250,0
mos_394,tanimoto,false,true,4.387465038,250,604
mos_395,tanimoto,false,false,1.314255694,250,0
mos_396,tanimoto,false,false,0.720680754,250,0
mos_397,tanimoto,false,false,0.436567367,250,0
mos_398,tanimoto,false,false,1.357507111,250,0
mos_399,tanimoto,false,false,1.359310891,250,0
mos_400,tanimoto,false,true,4.491014153,250,610
mos_401,tanimoto,false,false,1.295107381,250,0
mos_402,tanimoto,false,false,1.461034559,250,0
mos_403,tanimoto,false,false,0.963433201,250,0
mos_404,tanimoto,false,true,4.28969454,250,1096
mos_405,tanimoto,false,false,0.350175787,250,0
mos_406,tanimoto,false,false,0.43163483,250,0
mos_407,tanimoto,false,false,1.215394529,250,0
mos_408,tanimoto,false,false,0.819625399,250,0
mos_409,tanimoto,false,false,1.361389116,250,0
mos_410,tanimoto,false,false,1.462876376,250,0
mos_411,tanimoto,false,false,1.530087503,250,0
mos_412,tanimoto,false,false,0.969152642,250,0
mos_413,tanimoto,false,false,1.345023623,250,0
mos_414,tanimoto,false,false,2.279399039,250,0
mos_415,tanimoto,false,false,1.040454647,250,0
mos_416,tanimoto,false,false,0.527378596,250,0
mos_417,tanimoto,false,false,0.498826689,250,0
mos_418,tanimoto,false,false,0.860544321,250,0
mos_419,tanimoto,false,false,1.730587999,250,0
mos_420,tanimoto,false,false,0.576655707,250,0
mos_421,tanimoto,false,false,1.564993286,250,0
mos_422,tanimoto,false,false,1.865648444,250,0
mos_423,tanimoto,false,false,1.615304159,250,0
mos_424,tanimoto,false,true,1.715514567,250,950
mos_425,tanimoto,false,false,0.966185603,250,0
mos_426,tanimoto,false,false,0.630808725,250,0
mos_427,tanimoto,false,false,1.483733746,250,0
mos_428,tanimoto,false,true,5.835676914,250,1096
mos_429,tanimoto,false,false,1.467217536,250,0
mos_430,tanimoto,false,true,4.82750359,250,1096
mos_431,tanimoto,false,false,0.607694039,250,0
mos_432,tanimoto,false,false,2.0780279,250,0
mos_433,tanimoto,false,false,0.83880126,250,0
mos_434,tanimoto,false,false,1.380048829,250,0
mos_435,tanimoto,false,false,0.945345239,250,0
mos_436,tanimoto,false,false,1.030513461,250,0
mos_437,tanimoto,false,false,0.473421719,250,0
mos_438,tanimoto,false,false,0.397129737,250,0
mos_439,tanimoto,false,false,1.506100156,250,0
mos_440,tanimoto,false,true,1.586282657,250,2109
mos_441,tanimoto,false,true,1.66269078,250,950
mos_442,tanimoto,false,false,3.169450637,250,0
mos_443,tanimoto,false,false,0.531274535,250,0
mos_444,tanimoto,false,false,1.43529163,250,0
mos_445,tanimoto,false,false,0.409419633,250,0
mos_446,tanimoto,false,false,1.610682916,250,0
mos_447,tanimoto,false,true,2.528090379,250,2081
mos_448,tanimoto,false,false,0.607372262,250,0
mos_449,tanimoto,false,false,0.838794709,250,0
mos_450,tanimoto,false,false,1.365080146,250,0
mos_451,tanimoto,false,false,0.632865023,250,0
mos_452,tanimoto,false,false,0.950451356,250,0
mos_453,tanimoto,false,false,1.64485302,250,0
mos_454,tanimoto,false,false,3.208133784,250,0
mos_455,tanimoto,false,true,4.654031793,250,1096
mos_456,tanimoto,false,false,1.443620378,250,0
mos_457,tanimoto,false,false,1.51244331,250,0
mos_458,tanimoto,false,false,0.444015754,250,0
mos_459,tanimoto,false,false,1.593688778,250,0
mos_460,tanimoto,false,false,1.574670793,250,0
mos_461,tanimoto,false,false,0.830491865,250,0
mos_462,tanimoto,false,false,1.091225529,250,0
mos_463,tanimoto,false,false,0.425675888,250,0
mos_464,tanimoto,false,false,1.33337776,250,0
mos_465,tanimoto,false,false,0.616540233,250,0
mos_466,tanimoto,false,false,1.328139757,250,0
mos_467,tanimoto,false,false,0.650235662,250,0
mos_468,tanimoto,false,false,4.389783267,250,0
mos_469,tanimoto,false,false,1.595463766,250,0
mos_470,tanimoto,false,true,4.922438513,250,1376
mos_471,tanimoto,false,false,66.435425608,250,30000
mos_472,tanimoto,false,false,0.630351835,250,0
mos_473,tanimoto,false,false,1.047083996,250,0
mos_474,tanimoto,false,true,1.775419395,250,2089
mos_475,tanimoto,false,false,0.893543198,250,0
mos_476,tanimoto,false,false,1.412107323,250,0
mos_477,tanimoto,false,false,1.49816967,250,0
mos_478,tanimoto,false,false,1.674013335,250,0
mos_479,tanimoto,false,true,1.362622737,250,927
mos_480,tanimoto,false,false,1.613766766,250,0
mos_481,tanimoto,false,false,1.006755202,250,0
mos_482,tanimoto,false,false,59.935470613,250,30000
mos_483,tanimoto,false,false,1.652193961,250,0
mos_484,tanimoto,false,true,5.401405373,250,1096
mos_485,tanimoto,false,false,1.449459058,250,0
mos_486,tanimoto,false,false,1.185646123,250,0
mos_487,tanimoto,false,false,1.335280338,250,0
mos_488,tanimoto,false,false,1.288139252,250,0
mos_489,tanimoto,false,false,1.20228741,250,0
mos_490,tanimoto,false,false,0.980502903,250,0
mos_491,tanimoto,false,false,0.415132653,250,0
mos_492,tanimoto,false,true,5.407290202,250,1074
mos_493,tanimoto,false,false,0.48247376,250,0
mos_494,tanimoto,false,false,87.968063801,250,30000
mos_495,tanimoto,false,false,0.994012177,250,0
mos_496,tanimoto,false,false,1.352120815,250,0
mos_497,tanimoto,false,false,1.814663403,250,0
mos_498,tanimoto,false,false,0.723958062,250,0
mos_499,tanimoto,false,true,7.615883718,250,1096
mos_500,tanimoto,false,false,0.856322572,250,0
